brand,model,sensor_id,iso_manufacturer,iso_measured,gray_level_255,gray_pct,snr_db
Pentax,645D,668,100,104.0,0.096648429236756,0.037901344798727844,0
Pentax,645D,668,100,104.0,0.096648429236756,0.037901344798727844,1.9286549331066E-15
Pentax,645D,668,100,104.0,0.19160528910583,0.0751393290611098,5.6639317817008
Pentax,645D,668,100,104.0,0.35831855641136,0.14051708094563137,10.647885379455
Pentax,645D,668,100,104.0,0.71646484574833,0.2809666061758157,15.824329947667
Pentax,645D,668,100,104.0,1.4711699016998,0.5769293732156079,20.689780328739
Pentax,645D,668,100,104.0,2.4812449220117,0.9730372243183137,23.858985432966
Pentax,645D,668,100,104.0,3.4913199423237,1.3691450754210588,25.767964497404
Pentax,645D,668,100,104.0,4.5013949626356,1.7652529265237649,27.111477909642
Pentax,645D,668,100,104.0,5.5114699829476,2.1613607776265096,28.138068814616
Pentax,645D,668,100,104.0,6.5215450032596,2.557468628729255,28.963472062855
Pentax,645D,668,100,104.0,7.5316200235715,2.953576479831961,29.650466018581
Pentax,645D,668,100,104.0,8.5416950438835,3.349684330934706,30.236724372395
Pentax,645D,668,100,104.0,9.5517700641954,3.745792182037412,30.746548659411
Pentax,645D,668,100,104.0,10.561845084507,4.141900033140001,31.196489726501
Pentax,645D,668,100,104.0,11.571920104819,4.538007884242745,31.598307678709
Pentax,645D,668,100,104.0,12.581995125131,4.93411573534549,31.960647536149
Pentax,645D,668,100,104.0,13.592070145443,5.330223586448235,32.290044028
Pentax,645D,668,100,104.0,14.602145165755,5.72633143755098,32.591553026309
Pentax,645D,668,100,104.0,15.612220186067,6.122439288653726,32.869164118411
Pentax,645D,668,100,104.0,16.622295206379,6.518547139756471,33.126079198536
Pentax,645D,668,100,104.0,17.632370226691,6.914654990859215,33.364905966067
Pentax,645D,668,100,104.0,18.642445247003,7.310762841961961,33.587795642876
Pentax,645D,668,100,104.0,19.652520267315,7.706870693064706,33.796543105537
Pentax,645D,668,100,104.0,20.662595287627,8.102978544167451,33.992661074321
Pentax,645D,668,100,104.0,21.672670307939,8.499086395270195,34.177436008521
Pentax,645D,668,100,104.0,22.682745328251,8.895194246372942,34.35197085443
Pentax,645D,668,100,104.0,23.692820348563,9.291302097475686,34.51721818199
Pentax,645D,668,100,104.0,24.702895368875,9.687409948578432,34.674006186186
Pentax,645D,668,100,104.0,25.712970389187,10.083517799681175,34.823059316963
Pentax,645D,668,100,104.0,26.723045409499,10.479625650783921,34.965014813776
Pentax,645D,668,100,104.0,27.733120429811,10.875733501886668,35.100436081221
Pentax,645D,668,100,104.0,28.743195450123,11.271841352989412,35.229823601938
Pentax,645D,668,100,104.0,29.753270470434,11.667949204091764,35.353623910597
Pentax,645D,668,100,104.0,30.763345490746,12.06405705519451,35.472237027425
Pentax,645D,668,100,104.0,31.773420511058,12.460164906297255,35.586022657507
Pentax,645D,668,100,104.0,32.78349553137,12.8562727574,35.695305393446
Pentax,645D,668,100,104.0,33.793570551682,13.252380608502746,35.800379107335
Pentax,645D,668,100,104.0,34.803645571994,13.64848845960549,35.901510678803
Pentax,645D,668,100,104.0,35.813720592306,14.044596310708235,35.998943175828
Pentax,645D,668,100,104.0,36.823795612618,14.44070416181098,36.092898581813
Pentax,645D,668,100,104.0,37.83387063293,14.836812012913725,36.183580144306
Pentax,645D,668,100,104.0,38.843945653242,15.232919864016473,36.271174406561
Pentax,645D,668,100,104.0,39.854020673554,15.629027715119214,36.35585297189
Pentax,645D,668,100,104.0,40.864095693866,16.02513556622196,36.437774041838
Pentax,645D,668,100,104.0,41.874170714178,16.421243417324703,36.517083762039
Pentax,645D,668,100,104.0,42.88424573449,16.81735126842745,36.593917403868
Pentax,645D,668,100,104.0,43.894320754802,17.213459119530196,36.668400405302
Pentax,645D,668,100,104.0,44.904395775114,17.60956697063294,36.740649290635
Pentax,645D,668,100,104.0,45.914470795426,18.005674821735685,36.810772485535
Pentax,645D,668,100,104.0,46.924545815738,18.401782672838433,36.878871041406
Pentax,645D,668,100,104.0,47.93462083605,18.797890523941177,36.945039280869
Pentax,645D,668,100,104.0,48.944695856362,19.193998375043922,37.00936537444
Pentax,645D,668,100,104.0,49.954770876673,19.590106226146276,37.071931857003
Pentax,645D,668,100,104.0,50.964845896985,19.986214077249016,37.132816091445
Pentax,645D,668,100,104.0,51.974920917297,20.382321928351764,37.192090685808
Pentax,645D,668,100,104.0,52.984995937609,20.77842977945451,37.249823869421
Pentax,645D,668,100,104.0,53.995070957921,21.174537630557253,37.306079832754
Pentax,645D,668,100,104.0,55.005145978233,21.57064548166,37.360919035098
Pentax,645D,668,100,104.0,56.015220998545,21.966753332762746,37.41439848366
Pentax,645D,668,100,104.0,57.025296018857,22.36286118386549,37.466571987184
Pentax,645D,668,100,104.0,58.035371039169,22.758969034968235,37.517490386841
Pentax,645D,668,100,104.0,59.045446059481,23.15507688607098,37.567201766772
Pentax,645D,668,100,104.0,60.055521079793,23.551184737173728,37.615751646412
Pentax,645D,668,100,104.0,61.065596100105,23.94729258827647,37.663183156424
Pentax,645D,668,100,104.0,62.075671120417,24.343400439379216,37.709537199917
Pentax,645D,668,100,104.0,63.085746140729,24.73950829048196,37.754852600366
Pentax,645D,668,100,104.0,64.095821161041,25.135616141584705,37.799166237548
Pentax,645D,668,100,104.0,65.105896181353,25.53172399268745,37.842513172632
Pentax,645D,668,100,104.0,66.115971201665,25.9278318437902,37.88492676343
Pentax,645D,668,100,104.0,67.126046221977,26.323939694892946,37.926438770737
Pentax,645D,668,100,104.0,68.136121242289,26.720047545995683,37.967079456564
Pentax,645D,668,100,104.0,69.146196262601,27.116155397098428,38.006877674989
Pentax,645D,668,100,104.0,70.156271282913,27.512263248201172,38.045860956285
Pentax,645D,668,100,104.0,71.166346303225,27.90837109930392,38.084055584912
Pentax,645D,668,100,104.0,72.176421323536,28.304478950406274,38.121486671893
Pentax,645D,668,100,104.0,73.186496343848,28.70058680150902,38.158178222059
Pentax,645D,668,100,104.0,74.19657136416,29.09669465261176,38.194153196589
Pentax,645D,668,100,104.0,75.206646384472,29.49280250371451,38.229433571227
Pentax,645D,668,100,104.0,76.216721404784,29.888910354817256,38.264040390543
Pentax,645D,668,100,104.0,77.226796425096,30.28501820592,38.297993818535
Pentax,645D,668,100,104.0,78.236871445408,30.681126057022745,38.331313185881
Pentax,645D,668,100,104.0,79.24694646572,31.07723390812549,38.364017034093
Pentax,645D,668,100,104.0,80.257021486032,31.473341759228234,38.396123156816
Pentax,645D,668,100,104.0,81.267096506344,31.86944961033098,38.427648638483
Pentax,645D,668,100,104.0,82.277171526656,32.26555746143372,38.458609890539
Pentax,645D,668,100,104.0,83.287246546968,32.66166531253648,38.489022685402
Pentax,645D,668,100,104.0,84.29732156728,33.05777316363921,38.518902188328
Pentax,645D,668,100,104.0,85.307396587592,33.45388101474196,38.548262987347
Pentax,645D,668,100,104.0,86.317471607904,33.84998886584471,38.577119121389
Pentax,645D,668,100,104.0,87.327546628216,34.24609671694745,38.605484106737
Pentax,645D,668,100,104.0,88.337621648528,34.6422045680502,38.633370961936
Pentax,645D,668,100,104.0,89.34769666884,35.03831241915294,38.660792231234
Pentax,645D,668,100,104.0,90.357771689152,35.43442027025569,38.687760006699
Pentax,645D,668,100,104.0,91.367846709464,35.830528121358434,38.714285949057
Pentax,645D,668,100,104.0,92.377921729776,36.22663597246118,38.740381307372
Pentax,645D,668,100,104.0,93.387996750088,36.62274382356392,38.766056937624
Pentax,645D,668,100,104.0,94.3980717704,37.018851674666664,38.791323320269
Pentax,645D,668,100,104.0,95.408146790712,37.41495952576941,38.816190576836
Pentax,645D,668,100,104.0,96.418221811023,37.81106737687176,38.840668485638
Pentax,645D,668,100,104.0,97.428296831335,38.20717522797451,38.864766496634
Pentax,645D,668,100,104.0,98.438371851647,38.60328307907726,38.888493745515
Pentax,645D,668,100,104.0,99.448446871959,38.99939093018,38.911859067049
Pentax,645D,668,100,104.0,100.45852189227,39.39549878128235,38.934871007738
Pentax,645D,668,100,104.0,101.46859691258,39.791606632384315,38.957537837821
Pentax,645D,668,100,104.0,102.4786719329,40.1877144834902,38.979867562673
Pentax,645D,668,100,104.0,103.48874695321,40.583822334592156,39.001867933627
Pentax,645D,668,100,104.0,104.49882197352,40.979930185694116,39.023546458261
Pentax,645D,668,100,104.0,105.50889699383,41.37603803679608,39.044910410174
Pentax,645D,668,100,104.0,106.51897201414,41.77214588789804,39.065966838286
Pentax,645D,668,100,104.0,107.52904703446,42.16825373900392,39.086722575686
Pentax,645D,668,100,104.0,108.53912205477,42.56436159010588,39.107184248057
Pentax,645D,668,100,104.0,109.54919707508,42.96046944120784,39.1273582817
Pentax,645D,668,100,104.0,110.55927209539,43.35657729230981,39.147250911183
Pentax,645D,668,100,104.0,111.5693471157,43.75268514341176,39.166868186624
Pentax,645D,668,100,104.0,112.57942213601,44.14879299451373,39.186215980645
Pentax,645D,668,100,104.0,113.58949715633,44.54490084561961,39.205299995008
Pentax,645D,668,100,104.0,114.59957217664,44.94100869672157,39.224125766938
Pentax,645D,668,100,104.0,115.60964719695,45.33711654782353,39.242698675177
Pentax,645D,668,100,104.0,116.61972221726,45.73322439892549,39.261023945752
Pentax,645D,668,100,104.0,117.62979723757,46.12933225002745,39.279106657494
Pentax,645D,668,100,104.0,118.63987225789,46.525440101133334,39.296951747318
Pentax,645D,668,100,104.0,119.6499472782,46.921547952235294,39.314564015267
Pentax,645D,668,100,104.0,120.66002229851,47.31765580333725,39.331948129338
Pentax,645D,668,100,104.0,121.67009731882,47.71376365443922,39.349108630102
Pentax,645D,668,100,104.0,122.68017233913,48.10987150554117,39.366049935131
Pentax,645D,668,100,104.0,123.69024735945,48.50597935664705,39.382776343232
Pentax,645D,668,100,104.0,124.70032237976,48.90208720774902,39.399292038507
Pentax,645D,668,100,104.0,125.71039740007,49.29819505885098,39.415601094243
Pentax,645D,668,100,104.0,126.72047242038,49.694302909952945,39.431707476645
Pentax,645D,668,100,104.0,127.73054744069,50.090410761054905,39.447615048407
Pentax,645D,668,100,104.0,128.74062246101,50.48651861216078,39.463327572153
Pentax,645D,668,100,104.0,129.75069748132,50.882626463262746,39.478848713722
Pentax,645D,668,100,104.0,130.76077250163,51.278734314364705,39.494182045336
Pentax,645D,668,100,104.0,131.77084752194,51.674842165466664,39.509331048635
Pentax,645D,668,100,104.0,132.78092254225,52.07095001656863,39.52429911759
Pentax,645D,668,100,104.0,133.79099756257,52.467057867674505,39.539089561311
Pentax,645D,668,100,104.0,134.80107258288,52.86316571877647,39.553705606738
Pentax,645D,668,100,104.0,135.81114760319,53.25927356987843,39.56815040123
Pentax,645D,668,100,104.0,136.8212226235,53.6553814209804,39.582427015058
Pentax,645D,668,100,104.0,137.83129764381,54.05148927208236,39.596538443797
Pentax,645D,668,100,104.0,138.84137266413,54.44759712318824,39.610487610638
Pentax,645D,668,100,104.0,139.85144768444,54.8437049742902,39.624277368598
Pentax,645D,668,100,104.0,140.86152270475,55.23981282539216,39.637910502667
Pentax,645D,668,100,104.0,141.87159772506,55.63592067649412,39.651389731855
Pentax,645D,668,100,104.0,142.88167274537,56.032028527596076,39.664717711181
Pentax,645D,668,100,104.0,143.89174776569,56.428136378701964,39.677897033581
Pentax,645D,668,100,104.0,144.901822786,56.824244229803924,39.690930231745
Pentax,645D,668,100,104.0,145.91189780631,57.22035208090589,39.703819779898
Pentax,645D,668,100,104.0,146.92197282662,57.616459932007835,39.716568095503
Pentax,645D,668,100,104.0,147.93204784693,58.0125677831098,39.729177540915
Pentax,645D,668,100,104.0,148.94212286725,58.408675634215676,39.741650424974
Pentax,645D,668,100,104.0,149.95219788756,58.80478348531765,39.753989004539
Pentax,645D,668,100,104.0,150.96227290787,59.2008913364196,39.766195485969
Pentax,645D,668,100,104.0,151.97234792818,59.59699918752157,39.778272026558
Pentax,645D,668,100,104.0,152.98242294849,59.99310703862354,39.790220735915
Pentax,645D,668,100,104.0,153.9924979688,60.38921488972549,39.802043677296
Pentax,645D,668,100,104.0,155.00257298912,60.78532274083138,39.8137428689
Pentax,645D,668,100,104.0,156.01264800943,61.18143059193333,39.825320285109
Pentax,645D,668,100,104.0,157.02272302974,61.577538443035294,39.836777857693
Pentax,645D,668,100,104.0,158.03279805005,61.973646294137254,39.848117476978
Pentax,645D,668,100,104.0,159.04287307036,62.36975414523922,39.859340992966
Pentax,645D,668,100,104.0,160.05294809068,62.765861996345095,39.870450216428
Pentax,645D,668,100,104.0,161.06302311099,63.16196984744706,39.881446919954
Pentax,645D,668,100,104.0,162.0730981313,63.558077698549006,39.892332838971
Pentax,645D,668,100,104.0,163.08317315161,63.95418554965098,39.903109672732
Pentax,645D,668,100,104.0,164.09324817192,64.35029340075295,39.913779085266
Pentax,645D,668,100,104.0,165.10332319224,64.74640125185883,39.924342706306
Pentax,645D,668,100,104.0,166.11339821255,65.14250910296079,39.934802132176
Pentax,645D,668,100,104.0,167.12347323286,65.53861695406275,39.945158926665
Pentax,645D,668,100,104.0,168.13354825317,65.9347248051647,39.955414621859
Pentax,645D,668,100,104.0,169.14362327348,66.33083265626667,39.965570718957
Pentax,645D,668,100,104.0,170.1536982938,66.72694050737256,39.975628689058
Pentax,645D,668,100,104.0,171.16377331411,67.1230483584745,39.985589973922
Pentax,645D,668,100,104.0,172.17384833442,67.51915620957647,39.995455986712
Pentax,645D,668,100,104.0,173.18392335473,67.91526406067844,40.005228112708
Pentax,645D,668,100,104.0,174.19399837504,68.3113719117804,40.014907710006
Pentax,645D,668,100,104.0,175.20407339536,68.70747976288628,40.024496110187
Pentax,645D,668,100,104.0,176.21414841567,69.10358761398824,40.033994618975
Pentax,645D,668,100,104.0,177.22422343598,69.4996954650902,40.043404516872
Pentax,645D,668,100,104.0,178.23429845629,69.89580331619216,40.052727059769
Pentax,645D,668,100,104.0,179.2443734766,70.29191116729412,40.061963479547
Pentax,645D,668,100,104.0,180.25444849692,70.6880190184,40.071114984655
Pentax,645D,668,100,104.0,181.26452351723,71.08412686950196,40.080182760675
Pentax,645D,668,100,104.0,182.27459853754,71.48023472060392,40.089167970866
Pentax,645D,668,100,104.0,183.28467355785,71.87634257170589,40.098071756696
Pentax,645D,668,100,104.0,184.29474857816,72.27245042280785,40.106895238356
Pentax,645D,668,100,104.0,185.30482359848,72.66855827391373,40.115639515263
Pentax,645D,668,100,104.0,186.31489861879,73.06466612501569,40.124305666545
Pentax,645D,668,100,104.0,187.3249736391,73.46077397611765,40.132894751513
Pentax,645D,668,100,104.0,188.33504865941,73.85688182721961,40.141407810121
Pentax,645D,668,100,104.0,189.34512367972,74.25298967832157,40.149845863412
Pentax,645D,668,100,104.0,190.35519870003,74.64909752942353,40.158209913953
Pentax,645D,668,100,104.0,191.36527372035,75.04520538052941,40.166500946256
Pentax,645D,668,100,104.0,192.37534874066,75.44131323163137,40.174719927188
Pentax,645D,668,100,104.0,193.38542376097,75.83742108273334,40.182867806371
Pentax,645D,668,100,104.0,194.39549878128,76.23352893383529,40.190945516567
Pentax,645D,668,100,104.0,195.40557380159,76.62963678493726,40.19895397406
Pentax,645D,668,100,104.0,196.41564882191,77.02574463604314,40.206894079022
Pentax,645D,668,100,104.0,197.42572384222,77.4218524871451,40.214766715867
Pentax,645D,668,100,104.0,198.43579886253,77.81796033824706,40.222572753601
Pentax,645D,668,100,104.0,199.44587388284,78.21406818934902,40.230313046165
Pentax,645D,668,100,104.0,200.45594890315,78.61017604045098,40.237988432754
Pentax,645D,668,100,104.0,201.46602392347,79.00628389155686,40.245599738149
Pentax,645D,668,100,104.0,202.47609894378,79.40239174265882,40.253147773023
Pentax,645D,668,100,104.0,203.48617396409,79.79849959376078,40.260633334244
Pentax,645D,668,100,104.0,204.4962489844,80.19460744486275,40.268057205177
Pentax,645D,668,100,104.0,205.50632400471,80.5907152959647,40.275420155967
Pentax,645D,668,100,104.0,206.51639902503,80.9868231470706,40.282722943825
Pentax,645D,668,100,104.0,207.52647404534,81.38293099817254,40.289966313296
Pentax,645D,668,100,104.0,208.53654906565,81.77903884927451,40.297150996531
Pentax,645D,668,100,104.0,209.54662408596,82.17514670037647,40.304277713546
Pentax,645D,668,100,104.0,210.55669910627,82.57125455147843,40.311347172473
Pentax,645D,668,100,104.0,211.56677412659,82.96736240258431,40.318360069809
Pentax,645D,668,100,104.0,212.5768491469,83.36347025368627,40.325317090657
Pentax,645D,668,100,104.0,213.58692416721,83.75957810478823,40.33221890896
Pentax,645D,668,100,104.0,214.59699918752,84.15568595589019,40.339066187731
Pentax,645D,668,100,104.0,215.60707420783,84.55179380699217,40.345859579276
Pentax,645D,668,100,104.0,216.61714922815,84.94790165809803,40.352599725411
Pentax,645D,668,100,104.0,217.62722424846,85.3440095092,40.359287257674
Pentax,645D,668,100,104.0,218.63729926877,85.74011736030197,40.365922797535
Pentax,645D,668,100,104.0,219.64737428908,86.13622521140393,40.372506956595
Pentax,645D,668,100,104.0,220.65744930939,86.53233306250587,40.379040336787
Pentax,645D,668,100,104.0,221.66752432971,86.92844091361177,40.385523530563
Pentax,645D,668,100,104.0,222.67759935002,87.32454876471371,40.391957121087
Pentax,645D,668,100,104.0,223.68767437033,87.72065661581568,40.398341682418
Pentax,645D,668,100,104.0,224.69774939064,88.11676446691766,40.404677779684
Pentax,645D,668,100,104.0,225.70782441095,88.5128723180196,40.410965969264
Pentax,645D,668,100,104.0,226.71789943126,88.90898016912158,40.417206798953
Pentax,645D,668,100,104.0,227.72797445158,89.30508802022746,40.423400808131
Pentax,645D,668,100,104.0,228.73804947189,89.70119587132942,40.429548527925
Pentax,645D,668,100,104.0,229.7481244922,90.09730372243136,40.43565048137
Pentax,645D,668,100,104.0,230.75819951251,90.49341157353334,40.441707183561
Pentax,645D,668,100,104.0,231.76827453282,90.8895194246353,40.447719141806
Pentax,645D,668,100,104.0,232.77834955314,91.28562727574118,40.453686855775
Pentax,645D,668,100,104.0,233.78842457345,91.68173512684314,40.459610817643
Pentax,645D,668,100,104.0,234.79849959376,92.0778429779451,40.465491512236
Pentax,645D,668,100,104.0,235.80857461407,92.47395082904706,40.47132941716
Pentax,645D,668,100,104.0,236.81864963438,92.87005868014901,40.477125002946
Pentax,645D,668,100,104.0,237.8287246547,93.2661665312549,40.482878733177
Pentax,645D,668,100,104.0,238.83879967501,93.66227438235686,40.488591064617
Pentax,645D,668,100,104.0,239.84887469532,94.05838223345883,40.494262447338
Pentax,645D,668,100,104.0,240.85894971563,94.45449008456079,40.499893324844
Pentax,645D,668,100,104.0,241.86902473594,94.85059793566275,40.505484134189
Pentax,645D,668,100,104.0,242.87909975626,95.24670578676863,40.511035306099
Pentax,645D,668,100,104.0,243.88917477657,95.64281363787059,40.516547265085
Pentax,645D,668,100,104.0,244.89924979688,96.03892148897255,40.522020429554
Pentax,645D,668,100,104.0,245.90932481719,96.43502934007451,40.527455211923
Pentax,645D,668,100,104.0,246.9193998375,96.83113719117648,40.532852018725
Pentax,645D,668,100,104.0,247.92947485782,97.22724504228235,40.538211250712
Pentax,645D,668,100,104.0,248.93954987813,97.62335289338432,40.543533302965
Pentax,645D,668,100,104.0,249.94962489844,98.01946074448628,40.548818564989
Pentax,645D,668,100,104.0,250.95969991875,98.41556859558823,40.554067420812
Pentax,645D,668,100,104.0,251.96977493906,98.81167644669019,40.559280249088
Pentax,645D,668,100,104.0,252.97984995938,99.20778429779608,40.564457423183
Pentax,645D,668,100,104.0,253.98992497969,99.60389214889803,40.569599311275
Pentax,645D,668,100,104.0,255,100.0,40.57470627644
Pentax,645D,668,200,203.0,0.19160528910583,0.0751393290611098,0
Pentax,645D,668,200,203.0,0.19160528910583,0.0751393290611098,0
Pentax,645D,668,200,203.0,0.35831855641136,0.14051708094563137,5.2009360087001
Pentax,645D,668,200,203.0,0.71646484574833,0.2809666061758157,10.750242147151
Pentax,645D,668,200,203.0,1.4711699016998,0.5769293732156079,16.146323890943
Pentax,645D,668,200,203.0,2.4812449220117,0.9730372243183137,19.748694663402
Pentax,645D,668,200,203.0,3.4913199423237,1.3691450754210588,21.936663018378
Pentax,645D,668,200,203.0,4.5013949626356,1.7652529265237649,23.477378783477
Pentax,645D,668,200,203.0,5.5114699829476,2.1613607776265096,24.652417962138
Pentax,645D,668,200,203.0,6.5215450032596,2.557468628729255,25.594794565363
Pentax,645D,668,200,203.0,7.5316200235715,2.953576479831961,26.377220567492
Pentax,645D,668,200,203.0,8.5416950438835,3.349684330934706,27.043492547031
Pentax,645D,668,200,203.0,9.5517700641954,3.745792182037412,27.621894535683
Pentax,645D,668,200,203.0,10.561845084507,4.141900033140001,28.131681123062
Pentax,645D,668,200,203.0,11.571920104819,4.538007884242745,28.586513428151
Pentax,645D,668,200,203.0,12.581995125131,4.93411573534549,28.996412687651
Pentax,645D,668,200,203.0,13.592070145443,5.330223586448235,29.368934890797
Pentax,645D,668,200,203.0,14.602145165755,5.72633143755098,29.709910052422
Pentax,645D,668,200,203.0,15.612220186067,6.122439288653726,30.023925529987
Pentax,645D,668,200,203.0,16.622295206379,6.518547139756471,30.314652352245
Pentax,645D,668,200,203.0,17.632370226691,6.914654990859215,30.58507173203
Pentax,645D,668,200,203.0,18.642445247003,7.310762841961961,30.837636116395
Pentax,645D,668,200,203.0,19.652520267315,7.706870693064706,31.074386129476
Pentax,645D,668,200,203.0,20.662595287627,8.102978544167451,31.297037083244
Pentax,645D,668,200,203.0,21.672670307939,8.499086395270195,31.507044045162
Pentax,645D,668,200,203.0,22.682745328251,8.895194246372942,31.70565151031
Pentax,645D,668,200,203.0,23.692820348563,9.291302097475686,31.893931831965
Pentax,645D,668,200,203.0,24.702895368875,9.687409948578432,32.072815317834
Pentax,645D,668,200,203.0,25.712970389187,10.083517799681175,32.243114061248
Pentax,645D,668,200,203.0,26.723045409499,10.479625650783921,32.405541003086
Pentax,645D,668,200,203.0,27.733120429811,10.875733501886668,32.560725320892
Pentax,645D,668,200,203.0,28.743195450123,11.271841352989412,32.7092249594
Pentax,645D,668,200,203.0,29.753270470434,11.667949204091764,32.851536914277
Pentax,645D,668,200,203.0,30.763345490746,12.06405705519451,32.988105733874
Pentax,645D,668,200,203.0,31.773420511058,12.460164906297255,33.119330595706
Pentax,645D,668,200,203.0,32.78349553137,12.8562727574,33.245571234004
Pentax,645D,668,200,203.0,33.793570551682,13.252380608502746,33.367152934322
Pentax,645D,668,200,203.0,34.803645571994,13.64848845960549,33.484370765405
Pentax,645D,668,200,203.0,35.813720592306,14.044596310708235,33.597493183449
Pentax,645D,668,200,203.0,36.823795612618,14.44070416181098,33.706765116857
Pentax,645D,668,200,203.0,37.83387063293,14.836812012913725,33.812410618518
Pentax,645D,668,200,203.0,38.843945653242,15.232919864016473,33.914635156155
Pentax,645D,668,200,203.0,39.854020673554,15.629027715119214,34.013627598236
Pentax,645D,668,200,203.0,40.864095693866,16.02513556622196,34.109561942602
Pentax,645D,668,200,203.0,41.874170714178,16.421243417324703,34.202598826678
Pentax,645D,668,200,203.0,42.88424573449,16.81735126842745,34.292886851471
Pentax,645D,668,200,203.0,43.894320754802,17.213459119530196,34.380563746149
Pentax,645D,668,200,203.0,44.904395775114,17.60956697063294,34.465757395652
Pentax,645D,668,200,203.0,45.914470795426,18.005674821735685,34.548586750142
Pentax,645D,668,200,203.0,46.924545815738,18.401782672838433,34.6291626322
Pentax,645D,668,200,203.0,47.93462083605,18.797890523941177,34.70758845522
Pentax,645D,668,200,203.0,48.944695856362,19.193998375043922,34.783960864437
Pentax,645D,668,200,203.0,49.954770876673,19.590106226146276,34.858370310357
Pentax,645D,668,200,203.0,50.964845896985,19.986214077249016,34.930901562937
Pentax,645D,668,200,203.0,51.974920917297,20.382321928351764,35.0016341737
Pentax,645D,668,200,203.0,52.984995937609,20.77842977945451,35.07064289196
Pentax,645D,668,200,203.0,53.995070957921,21.174537630557253,35.137998040523
Pentax,645D,668,200,203.0,55.005145978233,21.57064548166,35.203765855476
Pentax,645D,668,200,203.0,56.015220998545,21.966753332762746,35.26800879411
Pentax,645D,668,200,203.0,57.025296018857,22.36286118386549,35.330785814487
Pentax,645D,668,200,203.0,58.035371039169,22.758969034968235,35.392152629714
Pentax,645D,668,200,203.0,59.045446059481,23.15507688607098,35.452161939616
Pentax,645D,668,200,203.0,60.055521079793,23.551184737173728,35.510863642183
Pentax,645D,668,200,203.0,61.065596100105,23.94729258827647,35.56830502685
Pentax,645D,668,200,203.0,62.075671120417,24.343400439379216,35.624530951461
Pentax,645D,668,200,203.0,63.085746140729,24.73950829048196,35.679584004531
Pentax,645D,668,200,203.0,64.095821161041,25.135616141584705,35.733504654252
Pentax,645D,668,200,203.0,65.105896181353,25.53172399268745,35.786331385512
Pentax,645D,668,200,203.0,66.115971201665,25.9278318437902,35.838100826062
Pentax,645D,668,200,203.0,67.126046221977,26.323939694892946,35.888847862852
Pentax,645D,668,200,203.0,68.136121242289,26.720047545995683,35.938605749436
Pentax,645D,668,200,203.0,69.146196262601,27.116155397098428,35.987406205245
Pentax,645D,668,200,203.0,70.156271282913,27.512263248201172,36.035279507473
Pentax,645D,668,200,203.0,71.166346303225,27.90837109930392,36.082254576205
Pentax,645D,668,200,203.0,72.176421323536,28.304478950406274,36.128359053387
Pentax,645D,668,200,203.0,73.186496343848,28.70058680150902,36.173619376157
Pentax,645D,668,200,203.0,74.19657136416,29.09669465261176,36.218060845014
Pentax,645D,668,200,203.0,75.206646384472,29.49280250371451,36.261707687258
Pentax,645D,668,200,203.0,76.216721404784,29.888910354817256,36.304583116081
Pentax,645D,668,200,203.0,77.226796425096,30.28501820592,36.346709385663
Pentax,645D,668,200,203.0,78.236871445408,30.681126057022745,36.3881078426
Pentax,645D,668,200,203.0,79.24694646572,31.07723390812549,36.428798973942
Pentax,645D,668,200,203.0,80.257021486032,31.473341759228234,36.468802452111
Pentax,645D,668,200,203.0,81.267096506344,31.86944961033098,36.508137176935
Pentax,645D,668,200,203.0,82.277171526656,32.26555746143372,36.546821315024
Pentax,645D,668,200,203.0,83.287246546968,32.66166531253648,36.584872336673
Pentax,645D,668,200,203.0,84.29732156728,33.05777316363921,36.622307050495
Pentax,645D,668,200,203.0,85.307396587592,33.45388101474196,36.659141635926
Pentax,645D,668,200,203.0,86.317471607904,33.84998886584471,36.695391673782
Pentax,645D,668,200,203.0,87.327546628216,34.24609671694745,36.731072174982
Pentax,645D,668,200,203.0,88.337621648528,34.6422045680502,36.766197607582
Pentax,645D,668,200,203.0,89.34769666884,35.03831241915294,36.800781922239
Pentax,645D,668,200,203.0,90.357771689152,35.43442027025569,36.834838576199
Pentax,645D,668,200,203.0,91.367846709464,35.830528121358434,36.868380555923
Pentax,645D,668,200,203.0,92.377921729776,36.22663597246118,36.901420398441
Pentax,645D,668,200,203.0,93.387996750088,36.62274382356392,36.933970211507
Pentax,645D,668,200,203.0,94.3980717704,37.018851674666664,36.966041692657
Pentax,645D,668,200,203.0,95.408146790712,37.41495952576941,36.997646147216
Pentax,645D,668,200,203.0,96.418221811023,37.81106737687176,37.028794505337
Pentax,645D,668,200,203.0,97.428296831335,38.20717522797451,37.059497338134
Pentax,645D,668,200,203.0,98.438371851647,38.60328307907726,37.089764872957
Pentax,645D,668,200,203.0,99.448446871959,38.99939093018,37.119607007877
Pentax,645D,668,200,203.0,100.45852189227,39.39549878128235,37.149033325408
Pentax,645D,668,200,203.0,101.46859691258,39.791606632384315,37.178053105541
Pentax,645D,668,200,203.0,102.4786719329,40.1877144834902,37.206675338105
Pentax,645D,668,200,203.0,103.48874695321,40.583822334592156,37.234908734514
Pentax,645D,668,200,203.0,104.49882197352,40.979930185694116,37.262761738928
Pentax,645D,668,200,203.0,105.50889699383,41.37603803679608,37.290242538863
Pentax,645D,668,200,203.0,106.51897201414,41.77214588789804,37.317359075284
Pentax,645D,668,200,203.0,107.52904703446,42.16825373900392,37.344119052214
Pentax,645D,668,200,203.0,108.53912205477,42.56436159010588,37.370529945876
Pentax,645D,668,200,203.0,109.54919707508,42.96046944120784,37.396599013406
Pentax,645D,668,200,203.0,110.55927209539,43.35657729230981,37.422333301158
Pentax,645D,668,200,203.0,111.5693471157,43.75268514341176,37.447739652619
Pentax,645D,668,200,203.0,112.57942213601,44.14879299451373,37.47282471596
Pentax,645D,668,200,203.0,113.58949715633,44.54490084561961,37.497594951242
Pentax,645D,668,200,203.0,114.59957217664,44.94100869672157,37.522056637297
Pentax,645D,668,200,203.0,115.60964719695,45.33711654782353,37.546215878295
Pentax,645D,668,200,203.0,116.61972221726,45.73322439892549,37.570078610022
Pentax,645D,668,200,203.0,117.62979723757,46.12933225002745,37.593650605887
Pentax,645D,668,200,203.0,118.63987225789,46.525440101133334,37.616937482649
Pentax,645D,668,200,203.0,119.6499472782,46.921547952235294,37.639944705917
Pentax,645D,668,200,203.0,120.66002229851,47.31765580333725,37.662677595394
Pentax,645D,668,200,203.0,121.67009731882,47.71376365443922,37.685141329912
Pentax,645D,668,200,203.0,122.68017233913,48.10987150554117,37.707340952243
Pentax,645D,668,200,203.0,123.69024735945,48.50597935664705,37.729281373716
Pentax,645D,668,200,203.0,124.70032237976,48.90208720774902,37.750967378636
Pentax,645D,668,200,203.0,125.71039740007,49.29819505885098,37.772403628526
Pentax,645D,668,200,203.0,126.72047242038,49.694302909952945,37.793594666189
Pentax,645D,668,200,203.0,127.73054744069,50.090410761054905,37.81454491961
Pentax,645D,668,200,203.0,128.74062246101,50.48651861216078,37.835258705698
Pentax,645D,668,200,203.0,129.75069748132,50.882626463262746,37.855740233878
Pentax,645D,668,200,203.0,130.76077250163,51.278734314364705,37.875993609546
Pentax,645D,668,200,203.0,131.77084752194,51.674842165466664,37.896022837375
Pentax,645D,668,200,203.0,132.78092254225,52.07095001656863,37.91583182451
Pentax,645D,668,200,203.0,133.79099756257,52.467057867674505,37.935424383619
Pentax,645D,668,200,203.0,134.80107258288,52.86316571877647,37.954804235846
Pentax,645D,668,200,203.0,135.81114760319,53.25927356987843,37.973975013633
Pentax,645D,668,200,203.0,136.8212226235,53.6553814209804,37.992940263449
Pentax,645D,668,200,203.0,137.83129764381,54.05148927208236,38.011703448411
Pentax,645D,668,200,203.0,138.84137266413,54.44759712318824,38.030267950801
Pentax,645D,668,200,203.0,139.85144768444,54.8437049742902,38.048637074504
Pentax,645D,668,200,203.0,140.86152270475,55.23981282539216,38.066814047337
Pentax,645D,668,200,203.0,141.87159772506,55.63592067649412,38.084802023314
Pentax,645D,668,200,203.0,142.88167274537,56.032028527596076,38.102604084809
Pentax,645D,668,200,203.0,143.89174776569,56.428136378701964,38.120223244655
Pentax,645D,668,200,203.0,144.901822786,56.824244229803924,38.137662448158
Pentax,645D,668,200,203.0,145.91189780631,57.22035208090589,38.154924575051
Pentax,645D,668,200,203.0,146.92197282662,57.616459932007835,38.172012441363
Pentax,645D,668,200,203.0,147.93204784693,58.0125677831098,38.188928801239
Pentax,645D,668,200,203.0,148.94212286725,58.408675634215676,38.205676348682
Pentax,645D,668,200,203.0,149.95219788756,58.80478348531765,38.222257719246
Pentax,645D,668,200,203.0,150.96227290787,59.2008913364196,38.238675491664
Pentax,645D,668,200,203.0,151.97234792818,59.59699918752157,38.254932189425
Pentax,645D,668,200,203.0,152.98242294849,59.99310703862354,38.271030282289
Pentax,645D,668,200,203.0,153.9924979688,60.38921488972549,38.286972187764
Pentax,645D,668,200,203.0,155.00257298912,60.78532274083138,38.30276027252
Pentax,645D,668,200,203.0,156.01264800943,61.18143059193333,38.318396853767
Pentax,645D,668,200,203.0,157.02272302974,61.577538443035294,38.333884200578
Pentax,645D,668,200,203.0,158.03279805005,61.973646294137254,38.349224535179
Pentax,645D,668,200,203.0,159.04287307036,62.36975414523922,38.364420034183
Pentax,645D,668,200,203.0,160.05294809068,62.765861996345095,38.379472829799
Pentax,645D,668,200,203.0,161.06302311099,63.16196984744706,38.394385010992
Pentax,645D,668,200,203.0,162.0730981313,63.558077698549006,38.409158624605
Pentax,645D,668,200,203.0,163.08317315161,63.95418554965098,38.423795676457
Pentax,645D,668,200,203.0,164.09324817192,64.35029340075295,38.438298132389
Pentax,645D,668,200,203.0,165.10332319224,64.74640125185883,38.452667919294
Pentax,645D,668,200,203.0,166.11339821255,65.14250910296079,38.466906926099
Pentax,645D,668,200,203.0,167.12347323286,65.53861695406275,38.481017004732
Pentax,645D,668,200,203.0,168.13354825317,65.9347248051647,38.494999971046
Pentax,645D,668,200,203.0,169.14362327348,66.33083265626667,38.508857605722
Pentax,645D,668,200,203.0,170.1536982938,66.72694050737256,38.522591655143
Pentax,645D,668,200,203.0,171.16377331411,67.1230483584745,38.536203832237
Pentax,645D,668,200,203.0,172.17384833442,67.51915620957647,38.549695817304
Pentax,645D,668,200,203.0,173.18392335473,67.91526406067844,38.563069258809
Pentax,645D,668,200,203.0,174.19399837504,68.3113719117804,38.576325774153
Pentax,645D,668,200,203.0,175.20407339536,68.70747976288628,38.58946695043
Pentax,645D,668,200,203.0,176.21414841567,69.10358761398824,38.602494345145
Pentax,645D,668,200,203.0,177.22422343598,69.4996954650902,38.615409486927
Pentax,645D,668,200,203.0,178.23429845629,69.89580331619216,38.628213876213
Pentax,645D,668,200,203.0,179.2443734766,70.29191116729412,38.640908985914
Pentax,645D,668,200,203.0,180.25444849692,70.6880190184,38.653496262059
Pentax,645D,668,200,203.0,181.26452351723,71.08412686950196,38.665977124427
Pentax,645D,668,200,203.0,182.27459853754,71.48023472060392,38.678352967154
Pentax,645D,668,200,203.0,183.28467355785,71.87634257170589,38.690625159327
Pentax,645D,668,200,203.0,184.29474857816,72.27245042280785,38.702795045558
Pentax,645D,668,200,203.0,185.30482359848,72.66855827391373,38.714863946549
Pentax,645D,668,200,203.0,186.31489861879,73.06466612501569,38.726833159628
Pentax,645D,668,200,203.0,187.3249736391,73.46077397611765,38.738703959284
Pentax,645D,668,200,203.0,188.33504865941,73.85688182721961,38.750477597681
Pentax,645D,668,200,203.0,189.34512367972,74.25298967832157,38.762155305155
Pentax,645D,668,200,203.0,190.35519870003,74.64909752942353,38.773738290702
Pentax,645D,668,200,203.0,191.36527372035,75.04520538052941,38.785227742454
Pentax,645D,668,200,203.0,192.37534874066,75.44131323163137,38.796624828133
Pentax,645D,668,200,203.0,193.38542376097,75.83742108273334,38.807930695505
Pentax,645D,668,200,203.0,194.39549878128,76.23352893383529,38.819146472815
Pentax,645D,668,200,203.0,195.40557380159,76.62963678493726,38.830273269207
Pentax,645D,668,200,203.0,196.41564882191,77.02574463604314,38.841312175141
Pentax,645D,668,200,203.0,197.42572384222,77.4218524871451,38.852264262797
Pentax,645D,668,200,203.0,198.43579886253,77.81796033824706,38.863130586459
Pentax,645D,668,200,203.0,199.44587388284,78.21406818934902,38.873912182906
Pentax,645D,668,200,203.0,200.45594890315,78.61017604045098,38.884610071775
Pentax,645D,668,200,203.0,201.46602392347,79.00628389155686,38.895225255928
Pentax,645D,668,200,203.0,202.47609894378,79.40239174265882,38.905758721802
Pentax,645D,668,200,203.0,203.48617396409,79.79849959376078,38.916211439754
Pentax,645D,668,200,203.0,204.4962489844,80.19460744486275,38.926584364394
Pentax,645D,668,200,203.0,205.50632400471,80.5907152959647,38.936878434913
Pentax,645D,668,200,203.0,206.51639902503,80.9868231470706,38.947094575398
Pentax,645D,668,200,203.0,207.52647404534,81.38293099817254,38.957233695145
Pentax,645D,668,200,203.0,208.53654906565,81.77903884927451,38.967296688961
Pentax,645D,668,200,203.0,209.54662408596,82.17514670037647,38.977284437456
Pentax,645D,668,200,203.0,210.55669910627,82.57125455147843,38.987197807331
Pentax,645D,668,200,203.0,211.56677412659,82.96736240258431,38.997037651662
Pentax,645D,668,200,203.0,212.5768491469,83.36347025368627,39.006804810166
Pentax,645D,668,200,203.0,213.58692416721,83.75957810478823,39.016500109476
Pentax,645D,668,200,203.0,214.59699918752,84.15568595589019,39.026124363394
Pentax,645D,668,200,203.0,215.60707420783,84.55179380699217,39.03567837315
Pentax,645D,668,200,203.0,216.61714922815,84.94790165809803,39.045162927647
Pentax,645D,668,200,203.0,217.62722424846,85.3440095092,39.054578803702
Pentax,645D,668,200,203.0,218.63729926877,85.74011736030197,39.063926766285
Pentax,645D,668,200,203.0,219.64737428908,86.13622521140393,39.073207568746
Pentax,645D,668,200,203.0,220.65744930939,86.53233306250587,39.082421953043
Pentax,645D,668,200,203.0,221.66752432971,86.92844091361177,39.091570649958
Pentax,645D,668,200,203.0,222.67759935002,87.32454876471371,39.100654379317
Pentax,645D,668,200,203.0,223.68767437033,87.72065661581568,39.109673850191
Pentax,645D,668,200,203.0,224.69774939064,88.11676446691766,39.118629761109
Pentax,645D,668,200,203.0,225.70782441095,88.5128723180196,39.127522800253
Pentax,645D,668,200,203.0,226.71789943126,88.90898016912158,39.136353645654
Pentax,645D,668,200,203.0,227.72797445158,89.30508802022746,39.145122965383
Pentax,645D,668,200,203.0,228.73804947189,89.70119587132942,39.153831417738
Pentax,645D,668,200,203.0,229.7481244922,90.09730372243136,39.162479651424
Pentax,645D,668,200,203.0,230.75819951251,90.49341157353334,39.171068305733
Pentax,645D,668,200,203.0,231.76827453282,90.8895194246353,39.179598010718
Pentax,645D,668,200,203.0,232.77834955314,91.28562727574118,39.18806938736
Pentax,645D,668,200,203.0,233.78842457345,91.68173512684314,39.196483047737
Pentax,645D,668,200,203.0,234.79849959376,92.0778429779451,39.204839595188
Pentax,645D,668,200,203.0,235.80857461407,92.47395082904706,39.213139624467
Pentax,645D,668,200,203.0,236.81864963438,92.87005868014901,39.221383721902
Pentax,645D,668,200,203.0,237.8287246547,93.2661665312549,39.229572465544
Pentax,645D,668,200,203.0,238.83879967501,93.66227438235686,39.237706425322
Pentax,645D,668,200,203.0,239.84887469532,94.05838223345883,39.245786163178
Pentax,645D,668,200,203.0,240.85894971563,94.45449008456079,39.25381223322
Pentax,645D,668,200,203.0,241.86902473594,94.85059793566275,39.261785181853
Pentax,645D,668,200,203.0,242.87909975626,95.24670578676863,39.269705547918
Pentax,645D,668,200,203.0,243.88917477657,95.64281363787059,39.277573862828
Pentax,645D,668,200,203.0,244.89924979688,96.03892148897255,39.285390650692
Pentax,645D,668,200,203.0,245.90932481719,96.43502934007451,39.293156428448
Pentax,645D,668,200,203.0,246.9193998375,96.83113719117648,39.300871705986
Pentax,645D,668,200,203.0,247.92947485782,97.22724504228235,39.30853698627
Pentax,645D,668,200,203.0,248.93954987813,97.62335289338432,39.316152765456
Pentax,645D,668,200,203.0,249.94962489844,98.01946074448628,39.323719533012
Pentax,645D,668,200,203.0,250.95969991875,98.41556859558823,39.331237771832
Pentax,645D,668,200,203.0,251.96977493906,98.81167644669019,39.338707958345
Pentax,645D,668,200,203.0,252.97984995938,99.20778429779608,39.346130562629
Pentax,645D,668,200,203.0,253.98992497969,99.60389214889803,39.353506048518
Pentax,645D,668,200,203.0,255,100.0,39.360834873703
Pentax,645D,668,400,401.0,0.35831855641136,0.14051708094563137,0
Pentax,645D,668,400,401.0,0.35831855641136,0.14051708094563137,0
Pentax,645D,668,400,401.0,0.71646484574833,0.2809666061758157,5.711766336947
Pentax,645D,668,400,401.0,1.4711699016998,0.5769293732156079,11.376604215108
Pentax,645D,668,400,401.0,2.4812449220117,0.9730372243183137,15.237791686502
Pentax,645D,668,400,401.0,3.4913199423237,1.3691450754210588,17.614651134491
Pentax,645D,668,400,401.0,4.5013949626356,1.7652529265237649,19.300567960098
Pentax,645D,668,400,401.0,5.5114699829476,2.1613607776265096,20.59163890797
Pentax,645D,668,400,401.0,6.5215450032596,2.557468628729255,21.629579887811
Pentax,645D,668,400,401.0,7.5316200235715,2.953576479831961,22.492640589473
Pentax,645D,668,400,401.0,8.5416950438835,3.349684330934706,23.228311825678
Pentax,645D,668,400,401.0,9.5517700641954,3.745792182037412,23.867437695829
Pentax,645D,668,400,401.0,10.561845084507,4.141900033140001,24.431103528626
Pentax,645D,668,400,401.0,11.571920104819,4.538007884242745,24.934314664118
Pentax,645D,668,400,401.0,12.581995125131,4.93411573534549,25.388101815904
Pentax,645D,668,400,401.0,13.592070145443,5.330223586448235,25.800793953195
Pentax,645D,668,400,401.0,14.602145165755,5.72633143755098,26.178823110954
Pentax,645D,668,400,401.0,15.612220186067,6.122439288653726,26.527252579502
Pentax,645D,668,400,401.0,16.622295206379,6.518547139756471,26.850134667805
Pentax,645D,668,400,401.0,17.632370226691,6.914654990859215,27.150759687195
Pentax,645D,668,400,401.0,18.642445247003,7.310762841961961,27.431833356961
Pentax,645D,668,400,401.0,19.652520267315,7.706870693064706,27.695605845532
Pentax,645D,668,400,401.0,20.662595287627,8.102978544167451,27.943967361969
Pentax,645D,668,400,401.0,21.672670307939,8.499086395270195,28.178520130196
Pentax,645D,668,400,401.0,22.682745328251,8.895194246372942,28.40063337775
Pentax,645D,668,400,401.0,23.692820348563,9.291302097475686,28.611485904444
Pentax,645D,668,400,401.0,24.702895368875,9.687409948578432,28.812099432178
Pentax,645D,668,400,401.0,25.712970389187,10.083517799681175,29.003365018266
Pentax,645D,668,400,401.0,26.723045409499,10.479625650783921,29.18606418438
Pentax,645D,668,400,401.0,27.733120429811,10.875733501886668,29.360885973658
Pentax,645D,668,400,401.0,28.743195450123,11.271841352989412,29.528440837273
Pentax,645D,668,400,401.0,29.753270470434,11.667949204091764,29.689272028312
Pentax,645D,668,400,401.0,30.763345490746,12.06405705519451,29.843865018277
Pentax,645D,668,400,401.0,31.773420511058,12.460164906297255,29.99265533191
Pentax,645D,668,400,401.0,32.78349553137,12.8562727574,30.136035107037
Pentax,645D,668,400,401.0,33.793570551682,13.252380608502746,30.274358619216
Pentax,645D,668,400,401.0,34.803645571994,13.64848845960549,30.407946960174
Pentax,645D,668,400,401.0,35.813720592306,14.044596310708235,30.537092020135
Pentax,645D,668,400,401.0,36.823795612618,14.44070416181098,30.662059894085
Pentax,645D,668,400,401.0,37.83387063293,14.836812012913725,30.78309380865
Pentax,645D,668,400,401.0,38.843945653242,15.232919864016473,30.900416647924
Pentax,645D,668,400,401.0,39.854020673554,15.629027715119214,31.014233142107
Pentax,645D,668,400,401.0,40.864095693866,16.02513556622196,31.124731771302
Pentax,645D,668,400,401.0,41.874170714178,16.421243417324703,31.232086427602
Pentax,645D,668,400,401.0,42.88424573449,16.81735126842745,31.336457871229
Pentax,645D,668,400,401.0,43.894320754802,17.213459119530196,31.437995010442
Pentax,645D,668,400,401.0,44.904395775114,17.60956697063294,31.536836030105
Pentax,645D,668,400,401.0,45.914470795426,18.005674821735685,31.63310938978
Pentax,645D,668,400,401.0,46.924545815738,18.401782672838433,31.726934708971
Pentax,645D,668,400,401.0,47.93462083605,18.797890523941177,31.818423554421
Pentax,645D,668,400,401.0,48.944695856362,19.193998375043922,31.907680142119
Pentax,645D,668,400,401.0,49.954770876673,19.590106226146276,31.994801964843
Pentax,645D,668,400,401.0,50.964845896985,19.986214077249016,32.079880354462
Pentax,645D,668,400,401.0,51.974920917297,20.382321928351764,32.16300098695
Pentax,645D,668,400,401.0,52.984995937609,20.77842977945451,32.24424433694
Pentax,645D,668,400,401.0,53.995070957921,21.174537630557253,32.323686087734
Pentax,645D,668,400,401.0,55.005145978233,21.57064548166,32.401397501878
Pentax,645D,668,400,401.0,56.015220998545,21.966753332762746,32.477445756756
Pentax,645D,668,400,401.0,57.025296018857,22.36286118386549,32.551894249072
Pentax,645D,668,400,401.0,58.035371039169,22.758969034968235,32.624802871617
Pentax,645D,668,400,401.0,59.045446059481,23.15507688607098,32.696228265261
Pentax,645D,668,400,401.0,60.055521079793,23.551184737173728,32.766224048804
Pentax,645D,668,400,401.0,61.065596100105,23.94729258827647,32.834841028948
Pentax,645D,668,400,401.0,62.075671120417,24.343400439379216,32.902127392421
Pentax,645D,668,400,401.0,63.085746140729,24.73950829048196,32.968128882036
Pentax,645D,668,400,401.0,64.095821161041,25.135616141584705,33.032888958268
Pentax,645D,668,400,401.0,65.105896181353,25.53172399268745,33.096448947744
Pentax,645D,668,400,401.0,66.115971201665,25.9278318437902,33.158848179899
Pentax,645D,668,400,401.0,67.126046221977,26.323939694892946,33.220124112905
Pentax,645D,668,400,401.0,68.136121242289,26.720047545995683,33.280312449866
Pentax,645D,668,400,401.0,69.146196262601,27.116155397098428,33.33944724617
Pentax,645D,668,400,401.0,70.156271282913,27.512263248201172,33.397561008782
Pentax,645D,668,400,401.0,71.166346303225,27.90837109930392,33.454684788195
Pentax,645D,668,400,401.0,72.176421323536,28.304478950406274,33.510848263685
Pentax,645D,668,400,401.0,73.186496343848,28.70058680150902,33.566079822434
Pentax,645D,668,400,401.0,74.19657136416,29.09669465261176,33.620406633051
Pentax,645D,668,400,401.0,75.206646384472,29.49280250371451,33.673854713955
Pentax,645D,668,400,401.0,76.216721404784,29.888910354817256,33.726448997039
Pentax,645D,668,400,401.0,77.226796425096,30.28501820592,33.778213387009
Pentax,645D,668,400,401.0,78.236871445408,30.681126057022745,33.82917081674
Pentax,645D,668,400,401.0,79.24694646572,31.07723390812549,33.879343298962
Pentax,645D,668,400,401.0,80.257021486032,31.473341759228234,33.928751974568
Pentax,645D,668,400,401.0,81.267096506344,31.86944961033098,33.977417157802
Pentax,645D,668,400,401.0,82.277171526656,32.26555746143372,34.025358378565
Pentax,645D,668,400,401.0,83.287246546968,32.66166531253648,34.072594422063
Pentax,645D,668,400,401.0,84.29732156728,33.05777316363921,34.11914336598
Pentax,645D,668,400,401.0,85.307396587592,33.45388101474196,34.165022615376
Pentax,645D,668,400,401.0,86.317471607904,33.84998886584471,34.210248935458
Pentax,645D,668,400,401.0,87.327546628216,34.24609671694745,34.254838482392
Pentax,645D,668,400,401.0,88.337621648528,34.6422045680502,34.298806832284
Pentax,645D,668,400,401.0,89.34769666884,35.03831241915294,34.342169008466
Pentax,645D,668,400,401.0,90.357771689152,35.43442027025569,34.384939507195
Pentax,645D,668,400,401.0,91.367846709464,35.830528121358434,34.427132321887
Pentax,645D,668,400,401.0,92.377921729776,36.22663597246118,34.468760965974
Pentax,645D,668,400,401.0,93.387996750088,36.62274382356392,34.50983849448
Pentax,645D,668,400,401.0,94.3980717704,37.018851674666664,34.550377524407
Pentax,645D,668,400,401.0,95.408146790712,37.41495952576941,34.590390253995
Pentax,645D,668,400,401.0,96.418221811023,37.81106737687176,34.629888480947
Pentax,645D,668,400,401.0,97.428296831335,38.20717522797451,34.668883619667
Pentax,645D,668,400,401.0,98.438371851647,38.60328307907726,34.707386717593
Pentax,645D,668,400,401.0,99.448446871959,38.99939093018,34.745408470662
Pentax,645D,668,400,401.0,100.45852189227,39.39549878128235,34.782959237978
Pentax,645D,668,400,401.0,101.46859691258,39.791606632384315,34.82004905572
Pentax,645D,668,400,401.0,102.4786719329,40.1877144834902,34.856687650348
Pentax,645D,668,400,401.0,103.48874695321,40.583822334592156,34.892884451134
Pentax,645D,668,400,401.0,104.49882197352,40.979930185694116,34.928648602075
Pentax,645D,668,400,401.0,105.50889699383,41.37603803679608,34.963988973212
Pentax,645D,668,400,401.0,106.51897201414,41.77214588789804,34.998914171396
Pentax,645D,668,400,401.0,107.52904703446,42.16825373900392,35.033432550534
Pentax,645D,668,400,401.0,108.53912205477,42.56436159010588,35.067552221338
Pentax,645D,668,400,401.0,109.54919707508,42.96046944120784,35.101281060614
Pentax,645D,668,400,401.0,110.55927209539,43.35657729230981,35.134626720111
Pentax,645D,668,400,401.0,111.5693471157,43.75268514341176,35.167596634957
Pentax,645D,668,400,401.0,112.57942213601,44.14879299451373,35.200198031706
Pentax,645D,668,400,401.0,113.58949715633,44.54490084561961,35.232437936013
Pentax,645D,668,400,401.0,114.59957217664,44.94100869672157,35.264323179959
Pentax,645D,668,400,401.0,115.60964719695,45.33711654782353,35.295860409057
Pentax,645D,668,400,401.0,116.61972221726,45.73322439892549,35.327056088925
Pentax,645D,668,400,401.0,117.62979723757,46.12933225002745,35.357916511685
Pentax,645D,668,400,401.0,118.63987225789,46.525440101133334,35.388447802066
Pentax,645D,668,400,401.0,119.6499472782,46.921547952235294,35.41865592325
Pentax,645D,668,400,401.0,120.66002229851,47.31765580333725,35.448546682461
Pentax,645D,668,400,401.0,121.67009731882,47.71376365443922,35.478125736315
Pentax,645D,668,400,401.0,122.68017233913,48.10987150554117,35.507398595949
Pentax,645D,668,400,401.0,123.69024735945,48.50597935664705,35.536370631928
Pentax,645D,668,400,401.0,124.70032237976,48.90208720774902,35.565047078949
Pentax,645D,668,400,401.0,125.71039740007,49.29819505885098,35.593433040352
Pentax,645D,668,400,401.0,126.72047242038,49.694302909952945,35.621533492444
Pentax,645D,668,400,401.0,127.73054744069,50.090410761054905,35.649353288647
Pentax,645D,668,400,401.0,128.74062246101,50.48651861216078,35.676897163481
Pentax,645D,668,400,401.0,129.75069748132,50.882626463262746,35.704169736384
Pentax,645D,668,400,401.0,130.76077250163,51.278734314364705,35.731175515386
Pentax,645D,668,400,401.0,131.77084752194,51.674842165466664,35.757918900627
Pentax,645D,668,400,401.0,132.78092254225,52.07095001656863,35.78440418775
Pentax,645D,668,400,401.0,133.79099756257,52.467057867674505,35.810635571156
Pentax,645D,668,400,401.0,134.80107258288,52.86316571877647,35.83661714713
Pentax,645D,668,400,401.0,135.81114760319,53.25927356987843,35.862352916859
Pentax,645D,668,400,401.0,136.8212226235,53.6553814209804,35.887846789322
Pentax,645D,668,400,401.0,137.83129764381,54.05148927208236,35.913102584079
Pentax,645D,668,400,401.0,138.84137266413,54.44759712318824,35.938124033955
Pentax,645D,668,400,401.0,139.85144768444,54.8437049742902,35.962914787624
Pentax,645D,668,400,401.0,140.86152270475,55.23981282539216,35.987478412094
Pentax,645D,668,400,401.0,141.87159772506,55.63592067649412,36.011818395108
Pentax,645D,668,400,401.0,142.88167274537,56.032028527596076,36.035938147452
Pentax,645D,668,400,401.0,143.89174776569,56.428136378701964,36.059841005182
Pentax,645D,668,400,401.0,144.901822786,56.824244229803924,36.083530231774
Pentax,645D,668,400,401.0,145.91189780631,57.22035208090589,36.10700902019
Pentax,645D,668,400,401.0,146.92197282662,57.616459932007835,36.130280494879
Pentax,645D,668,400,401.0,147.93204784693,58.0125677831098,36.153347713704
Pentax,645D,668,400,401.0,148.94212286725,58.408675634215676,36.176213669802
Pentax,645D,668,400,401.0,149.95219788756,58.80478348531765,36.198881293384
Pentax,645D,668,400,401.0,150.96227290787,59.2008913364196,36.221353453463
Pentax,645D,668,400,401.0,151.97234792818,59.59699918752157,36.243632959534
Pentax,645D,668,400,401.0,152.98242294849,59.99310703862354,36.265722563192
Pentax,645D,668,400,401.0,153.9924979688,60.38921488972549,36.287624959696
Pentax,645D,668,400,401.0,155.00257298912,60.78532274083138,36.30934278948
Pentax,645D,668,400,401.0,156.01264800943,61.18143059193333,36.330878639617
Pentax,645D,668,400,401.0,157.02272302974,61.577538443035294,36.35223504523
Pentax,645D,668,400,401.0,158.03279805005,61.973646294137254,36.373414490859
Pentax,645D,668,400,401.0,159.04287307036,62.36975414523922,36.394419411786
Pentax,645D,668,400,401.0,160.05294809068,62.765861996345095,36.415252195315
Pentax,645D,668,400,401.0,161.06302311099,63.16196984744706,36.435915182006
Pentax,645D,668,400,401.0,162.0730981313,63.558077698549006,36.45641066688
Pentax,645D,668,400,401.0,163.08317315161,63.95418554965098,36.476740900576
Pentax,645D,668,400,401.0,164.09324817192,64.35029340075295,36.496908090478
Pentax,645D,668,400,401.0,165.10332319224,64.74640125185883,36.516914401801
Pentax,645D,668,400,401.0,166.11339821255,65.14250910296079,36.53676195865
Pentax,645D,668,400,401.0,167.12347323286,65.53861695406275,36.55645284504
Pentax,645D,668,400,401.0,168.13354825317,65.9347248051647,36.575989105887
Pentax,645D,668,400,401.0,169.14362327348,66.33083265626667,36.595372747971
Pentax,645D,668,400,401.0,170.1536982938,66.72694050737256,36.614605740864
Pentax,645D,668,400,401.0,171.16377331411,67.1230483584745,36.633690017837
Pentax,645D,668,400,401.0,172.17384833442,67.51915620957647,36.652627476734
Pentax,645D,668,400,401.0,173.18392335473,67.91526406067844,36.671419980821
Pentax,645D,668,400,401.0,174.19399837504,68.3113719117804,36.690069359616
Pentax,645D,668,400,401.0,175.20407339536,68.70747976288628,36.708577409681
Pentax,645D,668,400,401.0,176.21414841567,69.10358761398824,36.726945895408
Pentax,645D,668,400,401.0,177.22422343598,69.4996954650902,36.745176549766
Pentax,645D,668,400,401.0,178.23429845629,69.89580331619216,36.763271075038
Pentax,645D,668,400,401.0,179.2443734766,70.29191116729412,36.78123114353
Pentax,645D,668,400,401.0,180.25444849692,70.6880190184,36.799058398263
Pentax,645D,668,400,401.0,181.26452351723,71.08412686950196,36.816754453643
Pentax,645D,668,400,401.0,182.27459853754,71.48023472060392,36.834320896115
Pentax,645D,668,400,401.0,183.28467355785,71.87634257170589,36.851759284793
Pentax,645D,668,400,401.0,184.29474857816,72.27245042280785,36.86907115208
Pentax,645D,668,400,401.0,185.30482359848,72.66855827391373,36.886258004267
Pentax,645D,668,400,401.0,186.31489861879,73.06466612501569,36.90332132211
Pentax,645D,668,400,401.0,187.3249736391,73.46077397611765,36.920262561402
Pentax,645D,668,400,401.0,188.33504865941,73.85688182721961,36.937083153519
Pentax,645D,668,400,401.0,189.34512367972,74.25298967832157,36.95378450596
Pentax,645D,668,400,401.0,190.35519870003,74.64909752942353,36.970368002864
Pentax,645D,668,400,401.0,191.36527372035,75.04520538052941,36.986835005517
Pentax,645D,668,400,401.0,192.37534874066,75.44131323163137,37.00318685285
Pentax,645D,668,400,401.0,193.38542376097,75.83742108273334,37.019424861914
Pentax,645D,668,400,401.0,194.39549878128,76.23352893383529,37.035550328351
Pentax,645D,668,400,401.0,195.40557380159,76.62963678493726,37.051564526844
Pentax,645D,668,400,401.0,196.41564882191,77.02574463604314,37.067468711567
Pentax,645D,668,400,401.0,197.42572384222,77.4218524871451,37.083264116611
Pentax,645D,668,400,401.0,198.43579886253,77.81796033824706,37.098951956406
Pentax,645D,668,400,401.0,199.44587388284,78.21406818934902,37.114533426132
Pentax,645D,668,400,401.0,200.45594890315,78.61017604045098,37.130009702115
Pentax,645D,668,400,401.0,201.46602392347,79.00628389155686,37.145381942217
Pentax,645D,668,400,401.0,202.47609894378,79.40239174265882,37.160651286215
Pentax,645D,668,400,401.0,203.48617396409,79.79849959376078,37.175818856168
Pentax,645D,668,400,401.0,204.4962489844,80.19460744486275,37.190885756781
Pentax,645D,668,400,401.0,205.50632400471,80.5907152959647,37.205853075752
Pentax,645D,668,400,401.0,206.51639902503,80.9868231470706,37.220721884113
Pentax,645D,668,400,401.0,207.52647404534,81.38293099817254,37.235493236569
Pentax,645D,668,400,401.0,208.53654906565,81.77903884927451,37.250168171816
Pentax,645D,668,400,401.0,209.54662408596,82.17514670037647,37.264747712864
Pentax,645D,668,400,401.0,210.55669910627,82.57125455147843,37.279232867345
Pentax,645D,668,400,401.0,211.56677412659,82.96736240258431,37.293624627811
Pentax,645D,668,400,401.0,212.5768491469,83.36347025368627,37.307923972034
Pentax,645D,668,400,401.0,213.58692416721,83.75957810478823,37.32213186329
Pentax,645D,668,400,401.0,214.59699918752,84.15568595589019,37.33624925064
Pentax,645D,668,400,401.0,215.60707420783,84.55179380699217,37.350277069206
Pentax,645D,668,400,401.0,216.61714922815,84.94790165809803,37.364216240435
Pentax,645D,668,400,401.0,217.62722424846,85.3440095092,37.378067672361
Pentax,645D,668,400,401.0,218.63729926877,85.74011736030197,37.391832259861
Pentax,645D,668,400,401.0,219.64737428908,86.13622521140393,37.405510884903
Pentax,645D,668,400,401.0,220.65744930939,86.53233306250587,37.419104416787
Pentax,645D,668,400,401.0,221.66752432971,86.92844091361177,37.432613712387
Pentax,645D,668,400,401.0,222.67759935002,87.32454876471371,37.446039616378
Pentax,645D,668,400,401.0,223.68767437033,87.72065661581568,37.459382961465
Pentax,645D,668,400,401.0,224.69774939064,88.11676446691766,37.472644568604
Pentax,645D,668,400,401.0,225.70782441095,88.5128723180196,37.485825247216
Pentax,645D,668,400,401.0,226.71789943126,88.90898016912158,37.498925795403
Pentax,645D,668,400,401.0,227.72797445158,89.30508802022746,37.511947000148
Pentax,645D,668,400,401.0,228.73804947189,89.70119587132942,37.524889637525
Pentax,645D,668,400,401.0,229.7481244922,90.09730372243136,37.537754472887
Pentax,645D,668,400,401.0,230.75819951251,90.49341157353334,37.550542261068
Pentax,645D,668,400,401.0,231.76827453282,90.8895194246353,37.563253746563
Pentax,645D,668,400,401.0,232.77834955314,91.28562727574118,37.575889663719
Pentax,645D,668,400,401.0,233.78842457345,91.68173512684314,37.588450736914
Pentax,645D,668,400,401.0,234.79849959376,92.0778429779451,37.60093768073
Pentax,645D,668,400,401.0,235.80857461407,92.47395082904706,37.613351200128
Pentax,645D,668,400,401.0,236.81864963438,92.87005868014901,37.62569199062
Pentax,645D,668,400,401.0,237.8287246547,93.2661665312549,37.637960738426
Pentax,645D,668,400,401.0,238.83879967501,93.66227438235686,37.650158120644
Pentax,645D,668,400,401.0,239.84887469532,94.05838223345883,37.662284805402
Pentax,645D,668,400,401.0,240.85894971563,94.45449008456079,37.674341452018
Pentax,645D,668,400,401.0,241.86902473594,94.85059793566275,37.686328711144
Pentax,645D,668,400,401.0,242.87909975626,95.24670578676863,37.698247224924
Pentax,645D,668,400,401.0,243.88917477657,95.64281363787059,37.710097627128
Pentax,645D,668,400,401.0,244.89924979688,96.03892148897255,37.721880543305
Pentax,645D,668,400,401.0,245.90932481719,96.43502934007451,37.733596590913
Pentax,645D,668,400,401.0,246.9193998375,96.83113719117648,37.745246379461
Pentax,645D,668,400,401.0,247.92947485782,97.22724504228235,37.756830510638
Pentax,645D,668,400,401.0,248.93954987813,97.62335289338432,37.768349578448
Pentax,645D,668,400,401.0,249.94962489844,98.01946074448628,37.779804169332
Pentax,645D,668,400,401.0,250.95969991875,98.41556859558823,37.791194862301
Pentax,645D,668,400,401.0,251.96977493906,98.81167644669019,37.80252222905
Pentax,645D,668,400,401.0,252.97984995938,99.20778429779608,37.813786834085
Pentax,645D,668,400,401.0,253.98992497969,99.60389214889803,37.824989234837
Pentax,645D,668,400,401.0,255,100.0,37.836129981779
Pentax,645D,668,800,824.0,0.71646484574833,0.2809666061758157,0
Pentax,645D,668,800,824.0,0.71646484574833,0.2809666061758157,0
Pentax,645D,668,800,824.0,1.4711699016998,0.5769293732156079,5.9325486659333
Pentax,645D,668,800,824.0,2.4812449220117,0.9730372243183137,10.081039232976
Pentax,645D,668,800,824.0,3.4913199423237,1.3691450754210588,12.687309747821
Pentax,645D,668,800,824.0,4.5013949626356,1.7652529265237649,14.561086028922
Pentax,645D,668,800,824.0,5.5114699829476,2.1613607776265096,16.009119821416
Pentax,645D,668,800,824.0,6.5215450032596,2.557468628729255,17.180391849672
Pentax,645D,668,800,824.0,7.5316200235715,2.953576479831961,18.158285426905
Pentax,645D,668,800,824.0,8.5416950438835,3.349684330934706,18.994027110493
Pentax,645D,668,800,824.0,9.5517700641954,3.745792182037412,19.721247200874
Pentax,645D,668,800,824.0,10.561845084507,4.141900033140001,20.363152991227
Pentax,645D,668,800,824.0,11.571920104819,4.538007884242745,20.936395338246
Pentax,645D,668,800,824.0,12.581995125131,4.93411573534549,21.453301241987
Pentax,645D,668,800,824.0,13.592070145443,5.330223586448235,21.923235089652
Pentax,645D,668,800,824.0,14.602145165755,5.72633143755098,22.353466194174
Pentax,645D,668,800,824.0,15.612220186067,6.122439288653726,22.74974238202
Pentax,645D,668,800,824.0,16.622295206379,6.518547139756471,23.116681181007
Pentax,645D,668,800,824.0,17.632370226691,6.914654990859215,23.4580437943
Pentax,645D,668,800,824.0,18.642445247003,7.310762841961961,23.776931451197
Pentax,645D,668,800,824.0,19.652520267315,7.706870693064706,24.075928992426
Pentax,645D,668,800,824.0,20.662595287627,8.102978544167451,24.357211755702
Pentax,645D,668,800,824.0,21.672670307939,8.499086395270195,24.622626412631
Pentax,645D,668,800,824.0,22.682745328251,8.895194246372942,24.873752979487
Pentax,645D,668,800,824.0,23.692820348563,9.291302097475686,25.111952999142
Pentax,645D,668,800,824.0,24.702895368875,9.687409948578432,25.338407415038
Pentax,645D,668,800,824.0,25.712970389187,10.083517799681175,25.55414665877
Pentax,645D,668,800,824.0,26.723045409499,10.479625650783921,25.760074784315
Pentax,645D,668,800,824.0,27.733120429811,10.875733501886668,25.956988999549
Pentax,645D,668,800,824.0,28.743195450123,11.271841352989412,26.145595602815
Pentax,645D,668,800,824.0,29.753270470434,11.667949204091764,26.326523085046
Pentax,645D,668,800,824.0,30.763345490746,12.06405705519451,26.500332977518
Pentax,645D,668,800,824.0,31.773420511058,12.460164906297255,26.667528892031
Pentax,645D,668,800,824.0,32.78349553137,12.8562727574,26.828564100773
Pentax,645D,668,800,824.0,33.793570551682,13.252380608502746,26.983847928119
Pentax,645D,668,800,824.0,34.803645571994,13.64848845960549,27.133751169449
Pentax,645D,668,800,824.0,35.813720592306,14.044596310708235,27.27861070821
Pentax,645D,668,800,824.0,36.823795612618,14.44070416181098,27.418733468479
Pentax,645D,668,800,824.0,37.83387063293,14.836812012913725,27.554399813755
Pentax,645D,668,800,824.0,38.843945653242,15.232919864016473,27.685866481876
Pentax,645D,668,800,824.0,39.854020673554,15.629027715119214,27.813369129492
Pentax,645D,668,800,824.0,40.864095693866,16.02513556622196,27.937124546342
Pentax,645D,668,800,824.0,41.874170714178,16.421243417324703,28.05733258911
Pentax,645D,668,800,824.0,42.88424573449,16.81735126842745,28.174177876099
Pentax,645D,668,800,824.0,43.894320754802,17.213459119530196,28.287831277132
Pentax,645D,668,800,824.0,44.904395775114,17.60956697063294,28.398451227444
Pentax,645D,668,800,824.0,45.914470795426,18.005674821735685,28.506184889784
Pentax,645D,668,800,824.0,46.924545815738,18.401782672838433,28.611169185129
Pentax,645D,668,800,824.0,47.93462083605,18.797890523941177,28.713531709328
Pentax,645D,668,800,824.0,48.944695856362,19.193998375043922,28.813391550394
Pentax,645D,668,800,824.0,49.954770876673,19.590106226146276,28.910860018988
Pentax,645D,668,800,824.0,50.964845896985,19.986214077249016,29.006041302875
Pentax,645D,668,800,824.0,51.974920917297,20.382321928351764,29.099033054569
Pentax,645D,668,800,824.0,52.984995937609,20.77842977945451,29.189926920142
Pentax,645D,668,800,824.0,53.995070957921,21.174537630557253,29.278809016085
Pentax,645D,668,800,824.0,55.005145978233,21.57064548166,29.365760360168
Pentax,645D,668,800,824.0,56.015220998545,21.966753332762746,29.45085726151
Pentax,645D,668,800,824.0,57.025296018857,22.36286118386549,29.53417167436
Pentax,645D,668,800,824.0,58.035371039169,22.758969034968235,29.615771519545
Pentax,645D,668,800,824.0,59.045446059481,23.15507688607098,29.695720977047
Pentax,645D,668,800,824.0,60.055521079793,23.551184737173728,29.774080752742
Pentax,645D,668,800,824.0,61.065596100105,23.94729258827647,29.850908321975
Pentax,645D,668,800,824.0,62.075671120417,24.343400439379216,29.926258152331
Pentax,645D,668,800,824.0,63.085746140729,24.73950829048196,30.000181907681
Pentax,645D,668,800,824.0,64.095821161041,25.135616141584705,30.072728635351
Pentax,645D,668,800,824.0,65.105896181353,25.53172399268745,30.143944938054
Pentax,645D,668,800,824.0,66.115971201665,25.9278318437902,30.213875132031
Pentax,645D,668,800,824.0,67.126046221977,26.323939694892946,30.282561392716
Pentax,645D,668,800,824.0,68.136121242289,26.720047545995683,30.350043889063
Pentax,645D,668,800,824.0,69.146196262601,27.116155397098428,30.41636090758
Pentax,645D,668,800,824.0,70.156271282913,27.512263248201172,30.481548967004
Pentax,645D,668,800,824.0,71.166346303225,27.90837109930392,30.545642924425
Pentax,645D,668,800,824.0,72.176421323536,28.304478950406274,30.608676073635
Pentax,645D,668,800,824.0,73.186496343848,28.70058680150902,30.670680236353
Pentax,645D,668,800,824.0,74.19657136416,29.09669465261176,30.731685846938
Pentax,645D,668,800,824.0,75.206646384472,29.49280250371451,30.791722031141
Pentax,645D,668,800,824.0,76.216721404784,29.888910354817256,30.850816679385
Pentax,645D,668,800,824.0,77.226796425096,30.28501820592,30.908996515018
Pentax,645D,668,800,824.0,78.236871445408,30.681126057022745,30.966287157956
Pentax,645D,668,800,824.0,79.24694646572,31.07723390812549,31.022713184069
Pentax,645D,668,800,824.0,80.257021486032,31.473341759228234,31.078298180653
Pentax,645D,668,800,824.0,81.267096506344,31.86944961033098,31.133064798294
Pentax,645D,668,800,824.0,82.277171526656,32.26555746143372,31.18703479939
Pentax,645D,668,800,824.0,83.287246546968,32.66166531253648,31.240229103599
Pentax,645D,668,800,824.0,84.29732156728,33.05777316363921,31.292667830434
Pentax,645D,668,800,824.0,85.307396587592,33.45388101474196,31.34437033921
Pentax,645D,668,800,824.0,86.317471607904,33.84998886584471,31.395355266554
Pentax,645D,668,800,824.0,87.327546628216,34.24609671694745,31.445640561641
Pentax,645D,668,800,824.0,88.337621648528,34.6422045680502,31.495243519318
Pentax,645D,668,800,824.0,89.34769666884,35.03831241915294,31.544180811272
Pentax,645D,668,800,824.0,90.357771689152,35.43442027025569,31.592468515377
Pentax,645D,668,800,824.0,91.367846709464,35.830528121358434,31.640122143338
Pentax,645D,668,800,824.0,92.377921729776,36.22663597246118,31.68715666676
Pentax,645D,668,800,824.0,93.387996750088,36.62274382356392,31.733586541741
Pentax,645D,668,800,824.0,94.3980717704,37.018851674666664,31.779425732086
Pentax,645D,668,800,824.0,95.408146790712,37.41495952576941,31.824687731239
Pentax,645D,668,800,824.0,96.418221811023,37.81106737687176,31.869385583015
Pentax,645D,668,800,824.0,97.428296831335,38.20717522797451,31.913531901207
Pentax,645D,668,800,824.0,98.438371851647,38.60328307907726,31.957138888141
Pentax,645D,668,800,824.0,99.448446871959,38.99939093018,32.000218352245
Pentax,645D,668,800,824.0,100.45852189227,39.39549878128235,32.042781724705
Pentax,645D,668,800,824.0,101.46859691258,39.791606632384315,32.084840075238
Pentax,645D,668,800,824.0,102.4786719329,40.1877144834902,32.126404127069
Pentax,645D,668,800,824.0,103.48874695321,40.583822334592156,32.167484271137
Pentax,645D,668,800,824.0,104.49882197352,40.979930185694116,32.208090579584
Pentax,645D,668,800,824.0,105.50889699383,41.37603803679608,32.24823281857
Pentax,645D,668,800,824.0,106.51897201414,41.77214588789804,32.287920460459
Pentax,645D,668,800,824.0,107.52904703446,42.16825373900392,32.3271626954
Pentax,645D,668,800,824.0,108.53912205477,42.56436159010588,32.365968442352
Pentax,645D,668,800,824.0,109.54919707508,42.96046944120784,32.404346359572
Pentax,645D,668,800,824.0,110.55927209539,43.35657729230981,32.442304854611
Pentax,645D,668,800,824.0,111.5693471157,43.75268514341176,32.479852093833
Pentax,645D,668,800,824.0,112.57942213601,44.14879299451373,32.516996011489
Pentax,645D,668,800,824.0,113.58949715633,44.54490084561961,32.553744318369
Pentax,645D,668,800,824.0,114.59957217664,44.94100869672157,32.590104510063
Pentax,645D,668,800,824.0,115.60964719695,45.33711654782353,32.626083874838
Pentax,645D,668,800,824.0,116.61972221726,45.73322439892549,32.661689501162
Pentax,645D,668,800,824.0,117.62979723757,46.12933225002745,32.696928284896
Pentax,645D,668,800,824.0,118.63987225789,46.525440101133334,32.731806936157
Pentax,645D,668,800,824.0,119.6499472782,46.921547952235294,32.766331985891
Pentax,645D,668,800,824.0,120.66002229851,47.31765580333725,32.800509792147
Pentax,645D,668,800,824.0,121.67009731882,47.71376365443922,32.834346546094
Pentax,645D,668,800,824.0,122.68017233913,48.10987150554117,32.867848277765
Pentax,645D,668,800,824.0,123.69024735945,48.50597935664705,32.901020861567
Pentax,645D,668,800,824.0,124.70032237976,48.90208720774902,32.933870021557
Pentax,645D,668,800,824.0,125.71039740007,49.29819505885098,32.966401336493
Pentax,645D,668,800,824.0,126.72047242038,49.694302909952945,32.998620244679
Pentax,645D,668,800,824.0,127.73054744069,50.090410761054905,33.030532048614
Pentax,645D,668,800,824.0,128.74062246101,50.48651861216078,33.062141919441
Pentax,645D,668,800,824.0,129.75069748132,50.882626463262746,33.093454901226
Pentax,645D,668,800,824.0,130.76077250163,51.278734314364705,33.12447591506
Pentax,645D,668,800,824.0,131.77084752194,51.674842165466664,33.155209763001
Pentax,645D,668,800,824.0,132.78092254225,52.07095001656863,33.185661131851
Pentax,645D,668,800,824.0,133.79099756257,52.467057867674505,33.2158345968
Pentax,645D,668,800,824.0,134.80107258288,52.86316571877647,33.245734624912
Pentax,645D,668,800,824.0,135.81114760319,53.25927356987843,33.275365578489
Pentax,645D,668,800,824.0,136.8212226235,53.6553814209804,33.304731718299
Pentax,645D,668,800,824.0,137.83129764381,54.05148927208236,33.333837206678
Pentax,645D,668,800,824.0,138.84137266413,54.44759712318824,33.362686110528
Pentax,645D,668,800,824.0,139.85144768444,54.8437049742902,33.391282404186
Pentax,645D,668,800,824.0,140.86152270475,55.23981282539216,33.419629972198
Pentax,645D,668,800,824.0,141.87159772506,55.63592067649412,33.447732611988
Pentax,645D,668,800,824.0,142.88167274537,56.032028527596076,33.475594036421
Pentax,645D,668,800,824.0,143.89174776569,56.428136378701964,33.503217876285
Pentax,645D,668,800,824.0,144.901822786,56.824244229803924,33.530607682676
Pentax,645D,668,800,824.0,145.91189780631,57.22035208090589,33.557766929295
Pentax,645D,668,800,824.0,146.92197282662,57.616459932007835,33.584699014672
Pentax,645D,668,800,824.0,147.93204784693,58.0125677831098,33.611407264301
Pentax,645D,668,800,824.0,148.94212286725,58.408675634215676,33.637894932706
Pentax,645D,668,800,824.0,149.95219788756,58.80478348531765,33.664165205433
Pentax,645D,668,800,824.0,150.96227290787,59.2008913364196,33.690221200976
Pentax,645D,668,800,824.0,151.97234792818,59.59699918752157,33.716065972628
Pentax,645D,668,800,824.0,152.98242294849,59.99310703862354,33.74170251028
Pentax,645D,668,800,824.0,153.9924979688,60.38921488972549,33.767133742151
Pentax,645D,668,800,824.0,155.00257298912,60.78532274083138,33.792362536459
Pentax,645D,668,800,824.0,156.01264800943,61.18143059193333,33.817391703043
Pentax,645D,668,800,824.0,157.02272302974,61.577538443035294,33.842223994925
Pentax,645D,668,800,824.0,158.03279805005,61.973646294137254,33.866862109819
Pentax,645D,668,800,824.0,159.04287307036,62.36975414523922,33.891308691597
Pentax,645D,668,800,824.0,160.05294809068,62.765861996345095,33.915566331701
Pentax,645D,668,800,824.0,161.06302311099,63.16196984744706,33.939637570511
Pentax,645D,668,800,824.0,162.0730981313,63.558077698549006,33.963524898672
Pentax,645D,668,800,824.0,163.08317315161,63.95418554965098,33.987230758369
Pentax,645D,668,800,824.0,164.09324817192,64.35029340075295,34.010757544574
Pentax,645D,668,800,824.0,165.10332319224,64.74640125185883,34.034107606247
Pentax,645D,668,800,824.0,166.11339821255,65.14250910296079,34.057283247494
Pentax,645D,668,800,824.0,167.12347323286,65.53861695406275,34.080286728701
Pentax,645D,668,800,824.0,168.13354825317,65.9347248051647,34.10312026762
Pentax,645D,668,800,824.0,169.14362327348,66.33083265626667,34.125786040433
Pentax,645D,668,800,824.0,170.1536982938,66.72694050737256,34.148286182771
Pentax,645D,668,800,824.0,171.16377331411,67.1230483584745,34.170622790715
Pentax,645D,668,800,824.0,172.17384833442,67.51915620957647,34.192797921758
Pentax,645D,668,800,824.0,173.18392335473,67.91526406067844,34.214813595736
Pentax,645D,668,800,824.0,174.19399837504,68.3113719117804,34.236671795743
Pentax,645D,668,800,824.0,175.20407339536,68.70747976288628,34.258374469003
Pentax,645D,668,800,824.0,176.21414841567,69.10358761398824,34.27992352773
Pentax,645D,668,800,824.0,177.22422343598,69.4996954650902,34.301320849951
Pentax,645D,668,800,824.0,178.23429845629,69.89580331619216,34.322568280318
Pentax,645D,668,800,824.0,179.2443734766,70.29191116729412,34.343667630882
Pentax,645D,668,800,824.0,180.25444849692,70.6880190184,34.364620681853
Pentax,645D,668,800,824.0,181.26452351723,71.08412686950196,34.385429182339
Pentax,645D,668,800,824.0,182.27459853754,71.48023472060392,34.40609485106
Pentax,645D,668,800,824.0,183.28467355785,71.87634257170589,34.426619377042
Pentax,645D,668,800,824.0,184.29474857816,72.27245042280785,34.447004420295
Pentax,645D,668,800,824.0,185.30482359848,72.66855827391373,34.467251612465
Pentax,645D,668,800,824.0,186.31489861879,73.06466612501569,34.487362557475
Pentax,645D,668,800,824.0,187.3249736391,73.46077397611765,34.507338832147
Pentax,645D,668,800,824.0,188.33504865941,73.85688182721961,34.527181986799
Pentax,645D,668,800,824.0,189.34512367972,74.25298967832157,34.546893545836
Pentax,645D,668,800,824.0,190.35519870003,74.64909752942353,34.566475008322
Pentax,645D,668,800,824.0,191.36527372035,75.04520538052941,34.585927848527
Pentax,645D,668,800,824.0,192.37534874066,75.44131323163137,34.605253516474
Pentax,645D,668,800,824.0,193.38542376097,75.83742108273334,34.624453438462
Pentax,645D,668,800,824.0,194.39549878128,76.23352893383529,34.643529017576
Pentax,645D,668,800,824.0,195.40557380159,76.62963678493726,34.662481634183
Pentax,645D,668,800,824.0,196.41564882191,77.02574463604314,34.681312646422
Pentax,645D,668,800,824.0,197.42572384222,77.4218524871451,34.700023390668
Pentax,645D,668,800,824.0,198.43579886253,77.81796033824706,34.718615181996
Pentax,645D,668,800,824.0,199.44587388284,78.21406818934902,34.737089314627
Pentax,645D,668,800,824.0,200.45594890315,78.61017604045098,34.755447062361
Pentax,645D,668,800,824.0,201.46602392347,79.00628389155686,34.773689679003
Pentax,645D,668,800,824.0,202.47609894378,79.40239174265882,34.79181839878
Pentax,645D,668,800,824.0,203.48617396409,79.79849959376078,34.809834436734
Pentax,645D,668,800,824.0,204.4962489844,80.19460744486275,34.827738989123
Pentax,645D,668,800,824.0,205.50632400471,80.5907152959647,34.845533233801
Pentax,645D,668,800,824.0,206.51639902503,80.9868231470706,34.86321833059
Pentax,645D,668,800,824.0,207.52647404534,81.38293099817254,34.880795421641
Pentax,645D,668,800,824.0,208.53654906565,81.77903884927451,34.898265631794
Pentax,645D,668,800,824.0,209.54662408596,82.17514670037647,34.915630068919
Pentax,645D,668,800,824.0,210.55669910627,82.57125455147843,34.932889824254
Pentax,645D,668,800,824.0,211.56677412659,82.96736240258431,34.950045972733
Pentax,645D,668,800,824.0,212.5768491469,83.36347025368627,34.967099573311
Pentax,645D,668,800,824.0,213.58692416721,83.75957810478823,34.984051669271
Pentax,645D,668,800,824.0,214.59699918752,84.15568595589019,35.00090328853
Pentax,645D,668,800,824.0,215.60707420783,84.55179380699217,35.017655443941
Pentax,645D,668,800,824.0,216.61714922815,84.94790165809803,35.03430913358
Pentax,645D,668,800,824.0,217.62722424846,85.3440095092,35.05086534103
Pentax,645D,668,800,824.0,218.63729926877,85.74011736030197,35.067325035661
Pentax,645D,668,800,824.0,219.64737428908,86.13622521140393,35.083689172896
Pentax,645D,668,800,824.0,220.65744930939,86.53233306250587,35.099958694477
Pentax,645D,668,800,824.0,221.66752432971,86.92844091361177,35.116134528724
Pentax,645D,668,800,824.0,222.67759935002,87.32454876471371,35.132217590786
Pentax,645D,668,800,824.0,223.68767437033,87.72065661581568,35.148208782884
Pentax,645D,668,800,824.0,224.69774939064,88.11676446691766,35.164108994558
Pentax,645D,668,800,824.0,225.70782441095,88.5128723180196,35.179919102895
Pentax,645D,668,800,824.0,226.71789943126,88.90898016912158,35.19563997276
Pentax,645D,668,800,824.0,227.72797445158,89.30508802022746,35.211272457024
Pentax,645D,668,800,824.0,228.73804947189,89.70119587132942,35.226817396777
Pentax,645D,668,800,824.0,229.7481244922,90.09730372243136,35.242275621548
Pentax,645D,668,800,824.0,230.75819951251,90.49341157353334,35.257647949508
Pentax,645D,668,800,824.0,231.76827453282,90.8895194246353,35.27293518768
Pentax,645D,668,800,824.0,232.77834955314,91.28562727574118,35.288138132137
Pentax,645D,668,800,824.0,233.78842457345,91.68173512684314,35.303257568194
Pentax,645D,668,800,824.0,234.79849959376,92.0778429779451,35.318294270606
Pentax,645D,668,800,824.0,235.80857461407,92.47395082904706,35.33324900375
Pentax,645D,668,800,824.0,236.81864963438,92.87005868014901,35.348122521807
Pentax,645D,668,800,824.0,237.8287246547,93.2661665312549,35.362915568948
Pentax,645D,668,800,824.0,238.83879967501,93.66227438235686,35.377628879498
Pentax,645D,668,800,824.0,239.84887469532,94.05838223345883,35.392263178117
Pentax,645D,668,800,824.0,240.85894971563,94.45449008456079,35.406819179963
Pentax,645D,668,800,824.0,241.86902473594,94.85059793566275,35.421297590855
Pentax,645D,668,800,824.0,242.87909975626,95.24670578676863,35.435699107437
Pentax,645D,668,800,824.0,243.88917477657,95.64281363787059,35.450024417331
Pentax,645D,668,800,824.0,244.89924979688,96.03892148897255,35.464274199293
Pentax,645D,668,800,824.0,245.90932481719,96.43502934007451,35.478449123363
Pentax,645D,668,800,824.0,246.9193998375,96.83113719117648,35.492549851011
Pentax,645D,668,800,824.0,247.92947485782,97.22724504228235,35.506577035285
Pentax,645D,668,800,824.0,248.93954987813,97.62335289338432,35.520531320945
Pentax,645D,668,800,824.0,249.94962489844,98.01946074448628,35.534413344609
Pentax,645D,668,800,824.0,250.95969991875,98.41556859558823,35.548223734883
Pentax,645D,668,800,824.0,251.96977493906,98.81167644669019,35.561963112495
Pentax,645D,668,800,824.0,252.97984995938,99.20778429779608,35.575632090428
Pentax,645D,668,800,824.0,253.98992497969,99.60389214889803,35.589231274041
Pentax,645D,668,800,824.0,255,100.0,35.602761261198
Pentax,645D,668,1600,1613.0,1.4711699016998,0.5769293732156079,0
Pentax,645D,668,1600,1613.0,1.4711699016998,0.5769293732156079,0
Pentax,645D,668,1600,1613.0,2.4812449220117,0.9730372243183137,4.3475042205811
Pentax,645D,668,1600,1613.0,3.4913199423237,1.3691450754210588,7.1290908718773
Pentax,645D,668,1600,1613.0,4.5013949626356,1.7652529265237649,9.1586217101222
Pentax,645D,668,1600,1613.0,5.5114699829476,2.1613607776265096,10.746053171743
Pentax,645D,668,1600,1613.0,6.5215450032596,2.557468628729255,12.042892246959
Pentax,645D,668,1600,1613.0,7.5316200235715,2.953576479831961,13.134543620854
Pentax,645D,668,1600,1613.0,8.5416950438835,3.349684330934706,14.073872465567
Pentax,645D,668,1600,1613.0,9.5517700641954,3.745792182037412,14.895852797801
Pentax,645D,668,1600,1613.0,10.561845084507,4.141900033140001,15.624805149324
Pentax,645D,668,1600,1613.0,11.571920104819,4.538007884242745,16.278311178991
Pentax,645D,668,1600,1613.0,12.581995125131,4.93411573534549,16.869482623168
Pentax,645D,668,1600,1613.0,13.592070145443,5.330223586448235,17.408350449575
Pentax,645D,668,1600,1613.0,14.602145165755,5.72633143755098,17.902754076671
Pentax,645D,668,1600,1613.0,15.612220186067,6.122439288653726,18.358931990959
Pentax,645D,668,1600,1613.0,16.622295206379,6.518547139756471,18.781926446741
Pentax,645D,668,1600,1613.0,17.632370226691,6.914654990859215,19.175868260753
Pentax,645D,668,1600,1613.0,18.642445247003,7.310762841961961,19.544181902398
Pentax,645D,668,1600,1613.0,19.652520267315,7.706870693064706,19.889736193253
Pentax,645D,668,1600,1613.0,20.662595287627,8.102978544167451,20.214957026102
Pentax,645D,668,1600,1613.0,21.672670307939,8.499086395270195,20.521913017578
Pentax,645D,668,1600,1613.0,22.682745328251,8.895194246372942,20.812381519577
Pentax,645D,668,1600,1613.0,23.692820348563,9.291302097475686,21.087900144293
Pentax,645D,668,1600,1613.0,24.702895368875,9.687409948578432,21.349807447231
Pentax,645D,668,1600,1613.0,25.712970389187,10.083517799681175,21.5992753873
Pentax,645D,668,1600,1613.0,26.723045409499,10.479625650783921,21.837335474615
Pentax,645D,668,1600,1613.0,27.733120429811,10.875733501886668,22.064900018777
Pentax,645D,668,1600,1613.0,28.743195450123,11.271841352989412,22.282779535485
Pentax,645D,668,1600,1613.0,29.753270470434,11.667949204091764,22.491697112579
Pentax,645D,668,1600,1613.0,30.763345490746,12.06405705519451,22.692300348708
Pentax,645D,668,1600,1613.0,31.773420511058,12.460164906297255,22.885171338552
Pentax,645D,668,1600,1613.0,32.78349553137,12.8562727574,23.070835074226
Pentax,645D,668,1600,1613.0,33.793570551682,13.252380608502746,23.249766553609
Pentax,645D,668,1600,1613.0,34.803645571994,13.64848845960549,23.422396826103
Pentax,645D,668,1600,1613.0,35.813720592306,14.044596310708235,23.58911815988
Pentax,645D,668,1600,1613.0,36.823795612618,14.44070416181098,23.750288478673
Pentax,645D,668,1600,1613.0,37.83387063293,14.836812012913725,23.90623518791
Pentax,645D,668,1600,1613.0,38.843945653242,15.232919864016473,24.057258487775
Pentax,645D,668,1600,1613.0,39.854020673554,15.629027715119214,24.203634253114
Pentax,645D,668,1600,1613.0,40.864095693866,16.02513556622196,24.345616545997
Pentax,645D,668,1600,1613.0,41.874170714178,16.421243417324703,24.483439815424
Pentax,645D,668,1600,1613.0,42.88424573449,16.81735126842745,24.617320829479
Pentax,645D,668,1600,1613.0,43.894320754802,17.213459119530196,24.747460377815
Pentax,645D,668,1600,1613.0,44.904395775114,17.60956697063294,24.874044776244
Pentax,645D,668,1600,1613.0,45.914470795426,18.005674821735685,24.997247200234
Pentax,645D,668,1600,1613.0,46.924545815738,18.401782672838433,25.117228869968
Pentax,645D,668,1600,1613.0,47.93462083605,18.797890523941177,25.234140106236
Pentax,645D,668,1600,1613.0,48.944695856362,19.193998375043922,25.348121273571
Pentax,645D,668,1600,1613.0,49.954770876673,19.590106226146276,25.459303624673
Pentax,645D,668,1600,1613.0,50.964845896985,19.986214077249016,25.567810058174
Pentax,645D,668,1600,1613.0,51.974920917297,20.382321928351764,25.673755800133
Pentax,645D,668,1600,1613.0,52.984995937609,20.77842977945451,25.777249018206
Pentax,645D,668,1600,1613.0,53.995070957921,21.174537630557253,25.878391376275
Pentax,645D,668,1600,1613.0,55.005145978233,21.57064548166,25.977278536278
Pentax,645D,668,1600,1613.0,56.015220998545,21.966753332762746,26.074000613097
Pentax,645D,668,1600,1613.0,57.025296018857,22.36286118386549,26.168642587656
Pentax,645D,668,1600,1613.0,58.035371039169,22.758969034968235,26.261284682708
Pentax,645D,668,1600,1613.0,59.045446059481,23.15507688607098,26.352002705253
Pentax,645D,668,1600,1613.0,60.055521079793,23.551184737173728,26.440868359055
Pentax,645D,668,1600,1613.0,61.065596100105,23.94729258827647,26.527949530306
Pentax,645D,668,1600,1613.0,62.075671120417,24.343400439379216,26.613310549156
Pentax,645D,668,1600,1613.0,63.085746140729,24.73950829048196,26.697012429467
Pentax,645D,668,1600,1613.0,64.095821161041,25.135616141584705,26.779113088943
Pentax,645D,668,1600,1613.0,65.105896181353,25.53172399268745,26.859667551498
Pentax,645D,668,1600,1613.0,66.115971201665,25.9278318437902,26.938728133549
Pentax,645D,668,1600,1613.0,67.126046221977,26.323939694892946,27.016344615726
Pentax,645D,668,1600,1613.0,68.136121242289,26.720047545995683,27.092564401343
Pentax,645D,668,1600,1613.0,69.146196262601,27.116155397098428,27.167432662818
Pentax,645D,668,1600,1613.0,70.156271282913,27.512263248201172,27.240992477125
Pentax,645D,668,1600,1613.0,71.166346303225,27.90837109930392,27.313284951235
Pentax,645D,668,1600,1613.0,72.176421323536,28.304478950406274,27.384349338417
Pentax,645D,668,1600,1613.0,73.186496343848,28.70058680150902,27.454223146179
Pentax,645D,668,1600,1613.0,74.19657136416,29.09669465261176,27.522942236556
Pentax,645D,668,1600,1613.0,75.206646384472,29.49280250371451,27.590540919377
Pentax,645D,668,1600,1613.0,76.216721404784,29.888910354817256,27.657052039095
Pentax,645D,668,1600,1613.0,77.226796425096,30.28501820592,27.722507055698
Pentax,645D,668,1600,1613.0,78.236871445408,30.681126057022745,27.786936120169
Pentax,645D,668,1600,1613.0,79.24694646572,31.07723390812549,27.85036814494
Pentax,645D,668,1600,1613.0,80.257021486032,31.473341759228234,27.912830869713
Pentax,645D,668,1600,1613.0,81.267096506344,31.86944961033098,27.974350923024
Pentax,645D,668,1600,1613.0,82.277171526656,32.26555746143372,28.034953879859
Pentax,645D,668,1600,1613.0,83.287246546968,32.66166531253648,28.094664315624
Pentax,645D,668,1600,1613.0,84.29732156728,33.05777316363921,28.153505856746
Pentax,645D,668,1600,1613.0,85.307396587592,33.45388101474196,28.211501228141
Pentax,645D,668,1600,1613.0,86.317471607904,33.84998886584471,28.268672297788
Pentax,645D,668,1600,1613.0,87.327546628216,34.24609671694745,28.325040118614
Pentax,645D,668,1600,1613.0,88.337621648528,34.6422045680502,28.380624967869
Pentax,645D,668,1600,1613.0,89.34769666884,35.03831241915294,28.43544638419
Pentax,645D,668,1600,1613.0,90.357771689152,35.43442027025569,28.48952320249
Pentax,645D,668,1600,1613.0,91.367846709464,35.830528121358434,28.542873586842
Pentax,645D,668,1600,1613.0,92.377921729776,36.22663597246118,28.59551506148
Pentax,645D,668,1600,1613.0,93.387996750088,36.62274382356392,28.64746454005
Pentax,645D,668,1600,1613.0,94.3980717704,37.018851674666664,28.698738353225
Pentax,645D,668,1600,1613.0,95.408146790712,37.41495952576941,28.749352274799
Pentax,645D,668,1600,1613.0,96.418221811023,37.81106737687176,28.79932154634
Pentax,645D,668,1600,1613.0,97.428296831335,38.20717522797451,28.848660900522
Pentax,645D,668,1600,1613.0,98.438371851647,38.60328307907726,28.897384583198
Pentax,645D,668,1600,1613.0,99.448446871959,38.99939093018,28.9455063743
Pentax,645D,668,1600,1613.0,100.45852189227,39.39549878128235,28.993039607648
Pentax,645D,668,1600,1613.0,101.46859691258,39.791606632384315,29.039997189722
Pentax,645D,668,1600,1613.0,102.4786719329,40.1877144834902,29.086391617466
Pentax,645D,668,1600,1613.0,103.48874695321,40.583822334592156,29.132234995195
Pentax,645D,668,1600,1613.0,104.49882197352,40.979930185694116,29.177539050631
Pentax,645D,668,1600,1613.0,105.50889699383,41.37603803679608,29.222315150149
Pentax,645D,668,1600,1613.0,106.51897201414,41.77214588789804,29.266574313265
Pentax,645D,668,1600,1613.0,107.52904703446,42.16825373900392,29.310327226404
Pentax,645D,668,1600,1613.0,108.53912205477,42.56436159010588,29.353584256012
Pentax,645D,668,1600,1613.0,109.54919707508,42.96046944120784,29.396355461024
Pentax,645D,668,1600,1613.0,110.55927209539,43.35657729230981,29.438650604745
Pentax,645D,668,1600,1613.0,111.5693471157,43.75268514341176,29.480479166158
Pentax,645D,668,1600,1613.0,112.57942213601,44.14879299451373,29.521850350714
Pentax,645D,668,1600,1613.0,113.58949715633,44.54490084561961,29.562773100614
Pentax,645D,668,1600,1613.0,114.59957217664,44.94100869672157,29.603256104611
Pentax,645D,668,1600,1613.0,115.60964719695,45.33711654782353,29.643307807377
Pentax,645D,668,1600,1613.0,116.61972221726,45.73322439892549,29.682936418437
Pentax,645D,668,1600,1613.0,117.62979723757,46.12933225002745,29.722149920703
Pentax,645D,668,1600,1613.0,118.63987225789,46.525440101133334,29.760956078628
Pentax,645D,668,1600,1613.0,119.6499472782,46.921547952235294,29.799362446004
Pentax,645D,668,1600,1613.0,120.66002229851,47.31765580333725,29.837376373411
Pentax,645D,668,1600,1613.0,121.67009731882,47.71376365443922,29.875005015351
Pentax,645D,668,1600,1613.0,122.68017233913,48.10987150554117,29.912255337067
Pentax,645D,668,1600,1613.0,123.69024735945,48.50597935664705,29.949134121077
Pentax,645D,668,1600,1613.0,124.70032237976,48.90208720774902,29.985647973428
Pentax,645D,668,1600,1613.0,125.71039740007,49.29819505885098,30.021803329686
Pentax,645D,668,1600,1613.0,126.72047242038,49.694302909952945,30.05760646068
Pentax,645D,668,1600,1613.0,127.73054744069,50.090410761054905,30.093063478003
Pentax,645D,668,1600,1613.0,128.74062246101,50.48651861216078,30.128180339296
Pentax,645D,668,1600,1613.0,129.75069748132,50.882626463262746,30.162962853307
Pentax,645D,668,1600,1613.0,130.76077250163,51.278734314364705,30.197416684749
Pentax,645D,668,1600,1613.0,131.77084752194,51.674842165466664,30.231547358968
Pentax,645D,668,1600,1613.0,132.78092254225,52.07095001656863,30.265360266421
Pentax,645D,668,1600,1613.0,133.79099756257,52.467057867674505,30.298860666973
Pentax,645D,668,1600,1613.0,134.80107258288,52.86316571877647,30.332053694034
Pentax,645D,668,1600,1613.0,135.81114760319,53.25927356987843,30.364944358532
Pentax,645D,668,1600,1613.0,136.8212226235,53.6553814209804,30.397537552728
Pentax,645D,668,1600,1613.0,137.83129764381,54.05148927208236,30.429838053893
Pentax,645D,668,1600,1613.0,138.84137266413,54.44759712318824,30.461850527834
Pentax,645D,668,1600,1613.0,139.85144768444,54.8437049742902,30.493579532303
Pentax,645D,668,1600,1613.0,140.86152270475,55.23981282539216,30.525029520258
Pentax,645D,668,1600,1613.0,141.87159772506,55.63592067649412,30.556204843021
Pentax,645D,668,1600,1613.0,142.88167274537,56.032028527596076,30.587109753307
Pentax,645D,668,1600,1613.0,143.89174776569,56.428136378701964,30.617748408149
Pentax,645D,668,1600,1613.0,144.901822786,56.824244229803924,30.64812487171
Pentax,645D,668,1600,1613.0,145.91189780631,57.22035208090589,30.678243117999
Pentax,645D,668,1600,1613.0,146.92197282662,57.616459932007835,30.708107033488
Pentax,645D,668,1600,1613.0,147.93204784693,58.0125677831098,30.737720419632
Pentax,645D,668,1600,1613.0,148.94212286725,58.408675634215676,30.767086995302
Pentax,645D,668,1600,1613.0,149.95219788756,58.80478348531765,30.796210399135
Pentax,645D,668,1600,1613.0,150.96227290787,59.2008913364196,30.825094191798
Pentax,645D,668,1600,1613.0,151.97234792818,59.59699918752157,30.853741858174
Pentax,645D,668,1600,1613.0,152.98242294849,59.99310703862354,30.882156809473
Pentax,645D,668,1600,1613.0,153.9924979688,60.38921488972549,30.910342385272
Pentax,645D,668,1600,1613.0,155.00257298912,60.78532274083138,30.938301855481
Pentax,645D,668,1600,1613.0,156.01264800943,61.18143059193333,30.966038422251
Pentax,645D,668,1600,1613.0,157.02272302974,61.577538443035294,30.993555221807
Pentax,645D,668,1600,1613.0,158.03279805005,61.973646294137254,31.020855326228
Pentax,645D,668,1600,1613.0,159.04287307036,62.36975414523922,31.047941745163
Pentax,645D,668,1600,1613.0,160.05294809068,62.765861996345095,31.074817427495
Pentax,645D,668,1600,1613.0,161.06302311099,63.16196984744706,31.101485262948
Pentax,645D,668,1600,1613.0,162.0730981313,63.558077698549006,31.127948083636
Pentax,645D,668,1600,1613.0,163.08317315161,63.95418554965098,31.154208665576
Pentax,645D,668,1600,1613.0,164.09324817192,64.35029340075295,31.180269730137
Pentax,645D,668,1600,1613.0,165.10332319224,64.74640125185883,31.20613394545
Pentax,645D,668,1600,1613.0,166.11339821255,65.14250910296079,31.231803927777
Pentax,645D,668,1600,1613.0,167.12347323286,65.53861695406275,31.257282242827
Pentax,645D,668,1600,1613.0,168.13354825317,65.9347248051647,31.282571407038
Pentax,645D,668,1600,1613.0,169.14362327348,66.33083265626667,31.30767388882
Pentax,645D,668,1600,1613.0,170.1536982938,66.72694050737256,31.332592109749
Pentax,645D,668,1600,1613.0,171.16377331411,67.1230483584745,31.357328445741
Pentax,645D,668,1600,1613.0,172.17384833442,67.51915620957647,31.38188522817
Pentax,645D,668,1600,1613.0,173.18392335473,67.91526406067844,31.406264744973
Pentax,645D,668,1600,1613.0,174.19399837504,68.3113719117804,31.430469241703
Pentax,645D,668,1600,1613.0,175.20407339536,68.70747976288628,31.454500922562
Pentax,645D,668,1600,1613.0,176.21414841567,69.10358761398824,31.478361951399
Pentax,645D,668,1600,1613.0,177.22422343598,69.4996954650902,31.502054452678
Pentax,645D,668,1600,1613.0,178.23429845629,69.89580331619216,31.525580512417
Pentax,645D,668,1600,1613.0,179.2443734766,70.29191116729412,31.548942179104
Pentax,645D,668,1600,1613.0,180.25444849692,70.6880190184,31.572141464577
Pentax,645D,668,1600,1613.0,181.26452351723,71.08412686950196,31.595180344888
Pentax,645D,668,1600,1613.0,182.27459853754,71.48023472060392,31.618060761138
Pentax,645D,668,1600,1613.0,183.28467355785,71.87634257170589,31.640784620285
Pentax,645D,668,1600,1613.0,184.29474857816,72.27245042280785,31.663353795933
Pentax,645D,668,1600,1613.0,185.30482359848,72.66855827391373,31.685770129098
Pentax,645D,668,1600,1613.0,186.31489861879,73.06466612501569,31.708035428951
Pentax,645D,668,1600,1613.0,187.3249736391,73.46077397611765,31.73015147354
Pentax,645D,668,1600,1613.0,188.33504865941,73.85688182721961,31.752120010495
Pentax,645D,668,1600,1613.0,189.34512367972,74.25298967832157,31.773942757705
Pentax,645D,668,1600,1613.0,190.35519870003,74.64909752942353,31.79562140399
Pentax,645D,668,1600,1613.0,191.36527372035,75.04520538052941,31.817157609739
Pentax,645D,668,1600,1613.0,192.37534874066,75.44131323163137,31.838553007542
Pentax,645D,668,1600,1613.0,193.38542376097,75.83742108273334,31.859809202801
Pentax,645D,668,1600,1613.0,194.39549878128,76.23352893383529,31.880927774322
Pentax,645D,668,1600,1613.0,195.40557380159,76.62963678493726,31.901910274896
Pentax,645D,668,1600,1613.0,196.41564882191,77.02574463604314,31.922758231857
Pentax,645D,668,1600,1613.0,197.42572384222,77.4218524871451,31.943473147635
Pentax,645D,668,1600,1613.0,198.43579886253,77.81796033824706,31.964056500286
Pentax,645D,668,1600,1613.0,199.44587388284,78.21406818934902,31.984509744013
Pentax,645D,668,1600,1613.0,200.45594890315,78.61017604045098,32.004834309667
Pentax,645D,668,1600,1613.0,201.46602392347,79.00628389155686,32.025031605245
Pentax,645D,668,1600,1613.0,202.47609894378,79.40239174265882,32.045103016365
Pentax,645D,668,1600,1613.0,203.48617396409,79.79849959376078,32.065049906735
Pentax,645D,668,1600,1613.0,204.4962489844,80.19460744486275,32.084873618606
Pentax,645D,668,1600,1613.0,205.50632400471,80.5907152959647,32.104575473218
Pentax,645D,668,1600,1613.0,206.51639902503,80.9868231470706,32.124156771229
Pentax,645D,668,1600,1613.0,207.52647404534,81.38293099817254,32.143618793138
Pentax,645D,668,1600,1613.0,208.53654906565,81.77903884927451,32.162962799693
Pentax,645D,668,1600,1613.0,209.54662408596,82.17514670037647,32.182190032294
Pentax,645D,668,1600,1613.0,210.55669910627,82.57125455147843,32.20130171338
Pentax,645D,668,1600,1613.0,211.56677412659,82.96736240258431,32.220299046812
Pentax,645D,668,1600,1613.0,212.5768491469,83.36347025368627,32.239183218242
Pentax,645D,668,1600,1613.0,213.58692416721,83.75957810478823,32.257955395473
Pentax,645D,668,1600,1613.0,214.59699918752,84.15568595589019,32.276616728817
Pentax,645D,668,1600,1613.0,215.60707420783,84.55179380699217,32.295168351434
Pentax,645D,668,1600,1613.0,216.61714922815,84.94790165809803,32.313611379669
Pentax,645D,668,1600,1613.0,217.62722424846,85.3440095092,32.331946913384
Pentax,645D,668,1600,1613.0,218.63729926877,85.74011736030197,32.35017603627
Pentax,645D,668,1600,1613.0,219.64737428908,86.13622521140393,32.368299816166
Pentax,645D,668,1600,1613.0,220.65744930939,86.53233306250587,32.38631930536
Pentax,645D,668,1600,1613.0,221.66752432971,86.92844091361177,32.404235540889
Pentax,645D,668,1600,1613.0,222.67759935002,87.32454876471371,32.422049544825
Pentax,645D,668,1600,1613.0,223.68767437033,87.72065661581568,32.439762324564
Pentax,645D,668,1600,1613.0,224.69774939064,88.11676446691766,32.457374873099
Pentax,645D,668,1600,1613.0,225.70782441095,88.5128723180196,32.474888169292
Pentax,645D,668,1600,1613.0,226.71789943126,88.90898016912158,32.492303178139
Pentax,645D,668,1600,1613.0,227.72797445158,89.30508802022746,32.509620851024
Pentax,645D,668,1600,1613.0,228.73804947189,89.70119587132942,32.526842125978
Pentax,645D,668,1600,1613.0,229.7481244922,90.09730372243136,32.543967927919
Pentax,645D,668,1600,1613.0,230.75819951251,90.49341157353334,32.560999168895
Pentax,645D,668,1600,1613.0,231.76827453282,90.8895194246353,32.577936748322
Pentax,645D,668,1600,1613.0,232.77834955314,91.28562727574118,32.594781553208
Pentax,645D,668,1600,1613.0,233.78842457345,91.68173512684314,32.611534458383
Pentax,645D,668,1600,1613.0,234.79849959376,92.0778429779451,32.628196326718
Pentax,645D,668,1600,1613.0,235.80857461407,92.47395082904706,32.644768009336
Pentax,645D,668,1600,1613.0,236.81864963438,92.87005868014901,32.661250345827
Pentax,645D,668,1600,1613.0,237.8287246547,93.2661665312549,32.677644164451
Pentax,645D,668,1600,1613.0,238.83879967501,93.66227438235686,32.693950282338
Pentax,645D,668,1600,1613.0,239.84887469532,94.05838223345883,32.710169505685
Pentax,645D,668,1600,1613.0,240.85894971563,94.45449008456079,32.726302629952
Pentax,645D,668,1600,1613.0,241.86902473594,94.85059793566275,32.742350440043
Pentax,645D,668,1600,1613.0,242.87909975626,95.24670578676863,32.758313710495
Pentax,645D,668,1600,1613.0,243.88917477657,95.64281363787059,32.774193205658
Pentax,645D,668,1600,1613.0,244.89924979688,96.03892148897255,32.789989679868
Pentax,645D,668,1600,1613.0,245.90932481719,96.43502934007451,32.805703877623
Pentax,645D,668,1600,1613.0,246.9193998375,96.83113719117648,32.821336533746
Pentax,645D,668,1600,1613.0,247.92947485782,97.22724504228235,32.836888373558
Pentax,645D,668,1600,1613.0,248.93954987813,97.62335289338432,32.852360113034
Pentax,645D,668,1600,1613.0,249.94962489844,98.01946074448628,32.86775245896
Pentax,645D,668,1600,1613.0,250.95969991875,98.41556859558823,32.883066109096
Pentax,645D,668,1600,1613.0,251.96977493906,98.81167644669019,32.898301752317
Pentax,645D,668,1600,1613.0,252.97984995938,99.20778429779608,32.913460068768
Pentax,645D,668,1600,1613.0,253.98992497969,99.60389214889803,32.928541730011
Pentax,645D,668,1600,1613.0,255,100.0,32.943547399161
