#BlackLevel: 512.2026062011719,512.2671203613281,512.2702484130859,512.2450866699219
#ImageWidth: 9984
#ImageHeight: 6656
#Mode: Independent
Filename,Row,Col,R_Mean,G1_Mean,G2_Mean,B_Mean,R_Std,G1_Std,G2_Std,B_Std
imgDSC04322.ARW,1,1,13036.8306,16383.0000,16383.0000,14164.8767,83.9385,0.0000,0.0000,87.2741
imgDSC04323.ARW,1,1,10423.7815,16383.0000,16383.0000,11314.8644,72.9385,0.0000,0.0000,75.3675
imgDSC04324.ARW,1,1,8384.3090,15132.8316,15137.2446,9093.6969,64.0179,98.3075,108.6798,68.3508
imgDSC04325.ARW,1,1,6767.0964,12112.8818,12115.9524,7329.9142,56.2447,83.8709,92.1307,59.4785
imgDSC04326.ARW,1,1,5465.0077,9691.1571,9694.0866,5911.9975,49.3491,73.1871,78.4941,51.3043
imgDSC04327.ARW,1,1,4449.7201,7800.2811,7803.6907,4803.2404,43.4416,63.5548,67.3958,44.8964
imgDSC04328.ARW,1,1,3640.8531,6299.5982,6301.1070,3920.6170,38.2844,55.7456,58.7043,39.5531
imgDSC04329.ARW,1,1,2990.2283,5091.4978,5092.2295,3211.0719,34.0231,48.5129,50.1724,34.7359
imgDSC04330.ARW,1,1,2481.5149,4149.4624,4150.4877,2656.6450,30.0323,42.3096,43.7836,30.7263
imgDSC04331.ARW,1,1,2078.5326,3403.6660,3404.4165,2217.7605,26.8660,37.3433,38.4795,27.3094
imgDSC04332.ARW,1,1,1757.7873,2811.7125,2811.8188,1868.2116,23.8248,33.0581,33.7569,24.1499
imgDSC04333.ARW,1,1,1502.4986,2340.2674,2340.6930,1590.5186,21.2276,29.3226,29.6738,21.3725
imgDSC04334.ARW,1,1,1296.6696,1960.7596,1961.1048,1366.4832,18.8056,26.0239,26.3483,19.0449
imgDSC04335.ARW,1,1,1134.7811,1662.4932,1662.6707,1190.1198,16.6817,23.0890,23.2917,16.7548
imgDSC04336.ARW,1,1,1006.7023,1426.1519,1426.4923,1050.7991,14.8208,20.3653,20.5994,14.9164
imgDSC04337.ARW,1,1,904.5497,1237.5600,1237.7524,939.4254,13.1479,18.0616,18.1466,13.3528
imgDSC04338.ARW,1,1,823.9024,1088.4579,1088.7154,851.5657,11.6863,15.9509,16.1247,11.7481
imgDSC04339.ARW,1,1,759.6404,969.8300,969.8594,781.6827,10.3422,14.1603,14.1377,10.4470
imgDSC04340.ARW,1,1,708.3442,874.9293,874.9316,725.7657,9.1627,12.5801,12.6567,9.2505
imgDSC04341.ARW,1,1,667.9305,800.3934,800.4393,681.8794,8.1122,11.2095,11.2504,8.1807
imgDSC04342.ARW,1,1,635.7730,741.0238,741.1186,646.8398,7.2141,9.9665,9.9604,7.3024
imgDSC04343.ARW,1,1,610.1583,693.3999,693.5596,618.8836,6.3600,8.8477,8.8561,6.4337
imgDSC04344.ARW,1,1,590.0099,656.1060,656.2922,596.9758,5.6594,7.7953,7.8568,5.7076
imgDSC04345.ARW,1,1,574.0318,626.5685,626.5686,579.5302,5.0161,6.9486,6.9155,5.0942
imgDSC04346.ARW,1,1,561.1252,602.7851,602.7718,565.5419,4.4555,6.1065,6.1088,4.4930
imgDSC04347.ARW,1,1,550.9928,584.0887,584.0828,554.5579,3.9111,5.4371,5.4037,3.9772
imgDSC04348.ARW,1,1,543.0039,569.3353,569.3004,545.8279,3.4648,4.8063,4.8143,3.5099
imgDSC04349.ARW,1,1,536.6458,557.4974,557.4834,538.9081,3.0542,4.2560,4.2480,3.0779
imgDSC04350.ARW,1,1,531.5820,548.1541,548.1584,533.4178,2.7240,3.7615,3.7774,2.7438
imgDSC04351.ARW,1,1,527.6072,540.7708,540.7822,529.0446,2.4146,3.3316,3.3180,2.4220
imgDSC04352.ARW,1,1,524.4063,534.8264,534.8565,525.5100,2.1431,2.9445,2.9405,2.1579
imgDSC04353.ARW,1,1,521.9170,530.1704,530.1845,522.7767,1.9216,2.6151,2.6047,1.9344
imgDSC04354.ARW,1,1,519.8853,526.4684,526.4990,520.6189,1.7379,2.3125,2.3208,1.7360
imgDSC04355.ARW,1,1,518.3577,523.6228,523.6245,518.9428,1.5687,2.0814,2.0691,1.5629
imgDSC04356.ARW,1,1,517.0956,521.2721,521.2819,517.5833,1.4428,1.8844,1.8716,1.4091
imgDSC04357.ARW,1,1,516.1310,519.4501,519.4788,516.4866,1.3199,1.6855,1.6861,1.3078
imgDSC04358.ARW,1,1,515.3124,517.9741,518.0055,515.6496,1.2192,1.5430,1.5377,1.1991
imgDSC04359.ARW,1,1,514.6524,516.7934,516.8035,514.9352,1.1254,1.3961,1.3943,1.1035
imgDSC04360.ARW,1,1,514.1897,515.8966,515.9046,514.4152,1.0526,1.2926,1.2793,1.0409
imgDSC04361.ARW,1,1,513.8036,515.1618,515.1710,514.0047,0.9897,1.1923,1.1902,0.9745
imgDSC04362.ARW,1,1,513.4648,514.5596,514.5849,513.6209,0.9282,1.1090,1.1009,0.9200
imgDSC04363.ARW,1,1,513.1945,514.0827,514.0868,513.3467,0.8832,1.0306,1.0232,0.8642
imgDSC04364.ARW,1,1,513.0014,513.7002,513.7172,513.1201,0.8427,0.9706,0.9662,0.8347
imgDSC04365.ARW,1,1,512.8608,513.4304,513.4428,512.9798,0.8222,0.9284,0.9225,0.7980
imgDSC04366.ARW,1,1,512.7504,513.1999,513.2225,512.8409,0.7929,0.8893,0.8853,0.7751
imgDSC04367.ARW,1,1,512.6415,513.0221,513.0325,512.7164,0.7642,0.8483,0.8433,0.7504
imgDSC04368.ARW,1,1,512.5610,512.8859,512.8911,512.6361,0.7543,0.8294,0.8179,0.7396
imgDSC04369.ARW,1,1,512.4982,512.7809,512.7947,512.5759,0.7357,0.7952,0.7906,0.7228
imgDSC04370.ARW,1,1,512.4613,512.6714,512.6728,512.5248,0.7284,0.7759,0.7703,0.7105
imgDSC04422.ARW,1,1,512.2198,512.2527,512.2630,512.2745,0.6722,0.6746,0.6790,0.6611
imgDSC04423.ARW,1,1,512.2064,512.2587,512.2670,512.2429,0.6800,0.6852,0.6800,0.6679
imgDSC04426.ARW,1,1,16383.0000,16383.0000,16383.0000,16383.0000,0.0000,0.0000,0.0000,0.0000
